"vehicle_code","part_code","cost_element","cost_amount"
"BYD-DOLPHIN-TH","DOL-BYD-BAT-100","Raw Material Cost","42688"
"BYD-DOLPHIN-TH","DOL-BYD-BAT-100","Purchased Parts Cost","25984"
"BYD-DOLPHIN-TH","DOL-BYD-BAT-100","Direct Labor Cost","11136"
"BYD-DOLPHIN-TH","DOL-BYD-BAT-100","Indirect Labor Cost","5568"
"BYD-DOLPHIN-TH","DOL-BYD-BAT-100","Machine Cost","9280"
"BYD-DOLPHIN-TH","DOL-BYD-BAT-100","Energy Cost","5568"
"BYD-DOLPHIN-TH","DOL-BYD-BAT-100","Tooling Cost","7424"
"BYD-DOLPHIN-TH","DOL-BYD-BAT-100","Logistics Cost","9280"
"BYD-DOLPHIN-TH","DOL-BYD-BAT-100","Import Duty","3712"
"BYD-DOLPHIN-TH","DOL-BYD-BAT-100","Quality Cost","5568"
"BYD-DOLPHIN-TH","DOL-BYD-BAT-100","Warranty Reserve","5568"
"BYD-DOLPHIN-TH","DOL-BYD-BAT-100","R&D Allocation","9280"
"BYD-DOLPHIN-TH","DOL-BYD-BAT-100","Software Cost","7424"
"BYD-DOLPHIN-TH","DOL-BYD-BAT-100","Semiconductor Cost","11136"
"BYD-DOLPHIN-TH","DOL-BYD-BAT-100","Corporate SG&A Allocation","9280"
"BYD-DOLPHIN-TH","DOL-BYD-BAT-100","Financing Cost","5568"
"BYD-DOLPHIN-TH","DOL-BYD-BAT-100","Risk Reserve","7424"
"BYD-DOLPHIN-TH","DOL-BYD-BAT-100","ESG/Carbon Cost","3712"
"BYD-DOLPHIN-TH","DOL-BYD-BAT-110","Raw Material Cost","24012"
"BYD-DOLPHIN-TH","DOL-BYD-BAT-110","Purchased Parts Cost","14616"
"BYD-DOLPHIN-TH","DOL-BYD-BAT-110","Direct Labor Cost","6264"
"BYD-DOLPHIN-TH","DOL-BYD-BAT-110","Indirect Labor Cost","3132"
"BYD-DOLPHIN-TH","DOL-BYD-BAT-110","Machine Cost","5220"
"BYD-DOLPHIN-TH","DOL-BYD-BAT-110","Energy Cost","3132"
"BYD-DOLPHIN-TH","DOL-BYD-BAT-110","Tooling Cost","4176"
"BYD-DOLPHIN-TH","DOL-BYD-BAT-110","Logistics Cost","5220"
"BYD-DOLPHIN-TH","DOL-BYD-BAT-110","Import Duty","2088"
"BYD-DOLPHIN-TH","DOL-BYD-BAT-110","Quality Cost","3132"
"BYD-DOLPHIN-TH","DOL-BYD-BAT-110","Warranty Reserve","3132"
"BYD-DOLPHIN-TH","DOL-BYD-BAT-110","R&D Allocation","5220"
"BYD-DOLPHIN-TH","DOL-BYD-BAT-110","Software Cost","4176"
"BYD-DOLPHIN-TH","DOL-BYD-BAT-110","Semiconductor Cost","6264"
"BYD-DOLPHIN-TH","DOL-BYD-BAT-110","Corporate SG&A Allocation","5220"
"BYD-DOLPHIN-TH","DOL-BYD-BAT-110","Financing Cost","3132"
"BYD-DOLPHIN-TH","DOL-BYD-BAT-110","Risk Reserve","4176"
"BYD-DOLPHIN-TH","DOL-BYD-BAT-110","ESG/Carbon Cost","2088"
"BYD-DOLPHIN-TH","DOL-BYD-BAT-120","Raw Material Cost","5069.2"
"BYD-DOLPHIN-TH","DOL-BYD-BAT-120","Purchased Parts Cost","3085.6"
"BYD-DOLPHIN-TH","DOL-BYD-BAT-120","Direct Labor Cost","1322.4"
"BYD-DOLPHIN-TH","DOL-BYD-BAT-120","Indirect Labor Cost","661.2"
"BYD-DOLPHIN-TH","DOL-BYD-BAT-120","Machine Cost","1102"
"BYD-DOLPHIN-TH","DOL-BYD-BAT-120","Energy Cost","661.2"
"BYD-DOLPHIN-TH","DOL-BYD-BAT-120","Tooling Cost","881.6"
"BYD-DOLPHIN-TH","DOL-BYD-BAT-120","Logistics Cost","1102"
"BYD-DOLPHIN-TH","DOL-BYD-BAT-120","Import Duty","440.8"
"BYD-DOLPHIN-TH","DOL-BYD-BAT-120","Quality Cost","661.2"
"BYD-DOLPHIN-TH","DOL-BYD-BAT-120","Warranty Reserve","661.2"
"BYD-DOLPHIN-TH","DOL-BYD-BAT-120","R&D Allocation","1102"
"BYD-DOLPHIN-TH","DOL-BYD-BAT-120","Software Cost","881.6"
"BYD-DOLPHIN-TH","DOL-BYD-BAT-120","Semiconductor Cost","1322.4"
"BYD-DOLPHIN-TH","DOL-BYD-BAT-120","Corporate SG&A Allocation","1102"
"BYD-DOLPHIN-TH","DOL-BYD-BAT-120","Financing Cost","661.2"
"BYD-DOLPHIN-TH","DOL-BYD-BAT-120","Risk Reserve","881.6"
"BYD-DOLPHIN-TH","DOL-BYD-BAT-120","ESG/Carbon Cost","440.8"
"BYD-DOLPHIN-TH","DOL-BYD-DRV-200","Raw Material Cost","19343"
"BYD-DOLPHIN-TH","DOL-BYD-DRV-200","Purchased Parts Cost","11774"
"BYD-DOLPHIN-TH","DOL-BYD-DRV-200","Direct Labor Cost","5046"
"BYD-DOLPHIN-TH","DOL-BYD-DRV-200","Indirect Labor Cost","2523"
"BYD-DOLPHIN-TH","DOL-BYD-DRV-200","Machine Cost","4205"
"BYD-DOLPHIN-TH","DOL-BYD-DRV-200","Energy Cost","2523"
"BYD-DOLPHIN-TH","DOL-BYD-DRV-200","Tooling Cost","3364"
"BYD-DOLPHIN-TH","DOL-BYD-DRV-200","Logistics Cost","4205"
"BYD-DOLPHIN-TH","DOL-BYD-DRV-200","Import Duty","1682"
"BYD-DOLPHIN-TH","DOL-BYD-DRV-200","Quality Cost","2523"
"BYD-DOLPHIN-TH","DOL-BYD-DRV-200","Warranty Reserve","2523"
"BYD-DOLPHIN-TH","DOL-BYD-DRV-200","R&D Allocation","4205"
"BYD-DOLPHIN-TH","DOL-BYD-DRV-200","Software Cost","3364"
"BYD-DOLPHIN-TH","DOL-BYD-DRV-200","Semiconductor Cost","5046"
"BYD-DOLPHIN-TH","DOL-BYD-DRV-200","Corporate SG&A Allocation","4205"
"BYD-DOLPHIN-TH","DOL-BYD-DRV-200","Financing Cost","2523"
"BYD-DOLPHIN-TH","DOL-BYD-DRV-200","Risk Reserve","3364"
"BYD-DOLPHIN-TH","DOL-BYD-DRV-200","ESG/Carbon Cost","1682"
"BYD-DOLPHIN-TH","DOL-BYD-DRV-210","Raw Material Cost","12006"
"BYD-DOLPHIN-TH","DOL-BYD-DRV-210","Purchased Parts Cost","7308"
"BYD-DOLPHIN-TH","DOL-BYD-DRV-210","Direct Labor Cost","3132"
"BYD-DOLPHIN-TH","DOL-BYD-DRV-210","Indirect Labor Cost","1566"
"BYD-DOLPHIN-TH","DOL-BYD-DRV-210","Machine Cost","2610"
"BYD-DOLPHIN-TH","DOL-BYD-DRV-210","Energy Cost","1566"
"BYD-DOLPHIN-TH","DOL-BYD-DRV-210","Tooling Cost","2088"
"BYD-DOLPHIN-TH","DOL-BYD-DRV-210","Logistics Cost","2610"
"BYD-DOLPHIN-TH","DOL-BYD-DRV-210","Import Duty","1044"
"BYD-DOLPHIN-TH","DOL-BYD-DRV-210","Quality Cost","1566"
"BYD-DOLPHIN-TH","DOL-BYD-DRV-210","Warranty Reserve","1566"
"BYD-DOLPHIN-TH","DOL-BYD-DRV-210","R&D Allocation","2610"
"BYD-DOLPHIN-TH","DOL-BYD-DRV-210","Software Cost","2088"
"BYD-DOLPHIN-TH","DOL-BYD-DRV-210","Semiconductor Cost","3132"
"BYD-DOLPHIN-TH","DOL-BYD-DRV-210","Corporate SG&A Allocation","2610"
"BYD-DOLPHIN-TH","DOL-BYD-DRV-210","Financing Cost","1566"
"BYD-DOLPHIN-TH","DOL-BYD-DRV-210","Risk Reserve","2088"
"BYD-DOLPHIN-TH","DOL-BYD-DRV-210","ESG/Carbon Cost","1044"
"BYD-DOLPHIN-TH","DOL-BYD-DRV-220","Raw Material Cost","8671"
"BYD-DOLPHIN-TH","DOL-BYD-DRV-220","Purchased Parts Cost","5278"
"BYD-DOLPHIN-TH","DOL-BYD-DRV-220","Direct Labor Cost","2262"
"BYD-DOLPHIN-TH","DOL-BYD-DRV-220","Indirect Labor Cost","1131"
"BYD-DOLPHIN-TH","DOL-BYD-DRV-220","Machine Cost","1885"
"BYD-DOLPHIN-TH","DOL-BYD-DRV-220","Energy Cost","1131"
"BYD-DOLPHIN-TH","DOL-BYD-DRV-220","Tooling Cost","1508"
"BYD-DOLPHIN-TH","DOL-BYD-DRV-220","Logistics Cost","1885"
"BYD-DOLPHIN-TH","DOL-BYD-DRV-220","Import Duty","754"
"BYD-DOLPHIN-TH","DOL-BYD-DRV-220","Quality Cost","1131"
"BYD-DOLPHIN-TH","DOL-BYD-DRV-220","Warranty Reserve","1131"
"BYD-DOLPHIN-TH","DOL-BYD-DRV-220","R&D Allocation","1885"
"BYD-DOLPHIN-TH","DOL-BYD-DRV-220","Software Cost","1508"
"BYD-DOLPHIN-TH","DOL-BYD-DRV-220","Semiconductor Cost","2262"
"BYD-DOLPHIN-TH","DOL-BYD-DRV-220","Corporate SG&A Allocation","1885"
"BYD-DOLPHIN-TH","DOL-BYD-DRV-220","Financing Cost","1131"
"BYD-DOLPHIN-TH","DOL-BYD-DRV-220","Risk Reserve","1508"
"BYD-DOLPHIN-TH","DOL-BYD-DRV-220","ESG/Carbon Cost","754"
"BYD-DOLPHIN-TH","DOL-BYD-BDY-300","Raw Material Cost","17342"
"BYD-DOLPHIN-TH","DOL-BYD-BDY-300","Purchased Parts Cost","10556"
"BYD-DOLPHIN-TH","DOL-BYD-BDY-300","Direct Labor Cost","4524"
"BYD-DOLPHIN-TH","DOL-BYD-BDY-300","Indirect Labor Cost","2262"
"BYD-DOLPHIN-TH","DOL-BYD-BDY-300","Machine Cost","3770"
"BYD-DOLPHIN-TH","DOL-BYD-BDY-300","Energy Cost","2262"
"BYD-DOLPHIN-TH","DOL-BYD-BDY-300","Tooling Cost","3016"
"BYD-DOLPHIN-TH","DOL-BYD-BDY-300","Logistics Cost","3770"
"BYD-DOLPHIN-TH","DOL-BYD-BDY-300","Import Duty","1508"
"BYD-DOLPHIN-TH","DOL-BYD-BDY-300","Quality Cost","2262"
"BYD-DOLPHIN-TH","DOL-BYD-BDY-300","Warranty Reserve","2262"
"BYD-DOLPHIN-TH","DOL-BYD-BDY-300","R&D Allocation","3770"
"BYD-DOLPHIN-TH","DOL-BYD-BDY-300","Software Cost","3016"
"BYD-DOLPHIN-TH","DOL-BYD-BDY-300","Semiconductor Cost","4524"
"BYD-DOLPHIN-TH","DOL-BYD-BDY-300","Corporate SG&A Allocation","3770"
"BYD-DOLPHIN-TH","DOL-BYD-BDY-300","Financing Cost","2262"
"BYD-DOLPHIN-TH","DOL-BYD-BDY-300","Risk Reserve","3016"
"BYD-DOLPHIN-TH","DOL-BYD-BDY-300","ESG/Carbon Cost","1508"
"BYD-DOLPHIN-TH","DOL-BYD-BDY-310","Raw Material Cost","8270.8"
"BYD-DOLPHIN-TH","DOL-BYD-BDY-310","Purchased Parts Cost","5034.4"
"BYD-DOLPHIN-TH","DOL-BYD-BDY-310","Direct Labor Cost","2157.6"
"BYD-DOLPHIN-TH","DOL-BYD-BDY-310","Indirect Labor Cost","1078.8"
"BYD-DOLPHIN-TH","DOL-BYD-BDY-310","Machine Cost","1798"
"BYD-DOLPHIN-TH","DOL-BYD-BDY-310","Energy Cost","1078.8"
"BYD-DOLPHIN-TH","DOL-BYD-BDY-310","Tooling Cost","1438.4"
"BYD-DOLPHIN-TH","DOL-BYD-BDY-310","Logistics Cost","1798"
"BYD-DOLPHIN-TH","DOL-BYD-BDY-310","Import Duty","719.2"
"BYD-DOLPHIN-TH","DOL-BYD-BDY-310","Quality Cost","1078.8"
"BYD-DOLPHIN-TH","DOL-BYD-BDY-310","Warranty Reserve","1078.8"
"BYD-DOLPHIN-TH","DOL-BYD-BDY-310","R&D Allocation","1798"
"BYD-DOLPHIN-TH","DOL-BYD-BDY-310","Software Cost","1438.4"
"BYD-DOLPHIN-TH","DOL-BYD-BDY-310","Semiconductor Cost","2157.6"
"BYD-DOLPHIN-TH","DOL-BYD-BDY-310","Corporate SG&A Allocation","1798"
"BYD-DOLPHIN-TH","DOL-BYD-BDY-310","Financing Cost","1078.8"
"BYD-DOLPHIN-TH","DOL-BYD-BDY-310","Risk Reserve","1438.4"
"BYD-DOLPHIN-TH","DOL-BYD-BDY-310","ESG/Carbon Cost","719.2"
"BYD-DOLPHIN-TH","DOL-BYD-BDY-320","Raw Material Cost","10805.4"
"BYD-DOLPHIN-TH","DOL-BYD-BDY-320","Purchased Parts Cost","6577.2"
"BYD-DOLPHIN-TH","DOL-BYD-BDY-320","Direct Labor Cost","2818.8"
"BYD-DOLPHIN-TH","DOL-BYD-BDY-320","Indirect Labor Cost","1409.4"
"BYD-DOLPHIN-TH","DOL-BYD-BDY-320","Machine Cost","2349"
"BYD-DOLPHIN-TH","DOL-BYD-BDY-320","Energy Cost","1409.4"
"BYD-DOLPHIN-TH","DOL-BYD-BDY-320","Tooling Cost","1879.2"
"BYD-DOLPHIN-TH","DOL-BYD-BDY-320","Logistics Cost","2349"
"BYD-DOLPHIN-TH","DOL-BYD-BDY-320","Import Duty","939.6"
"BYD-DOLPHIN-TH","DOL-BYD-BDY-320","Quality Cost","1409.4"
"BYD-DOLPHIN-TH","DOL-BYD-BDY-320","Warranty Reserve","1409.4"
"BYD-DOLPHIN-TH","DOL-BYD-BDY-320","R&D Allocation","2349"
"BYD-DOLPHIN-TH","DOL-BYD-BDY-320","Software Cost","1879.2"
"BYD-DOLPHIN-TH","DOL-BYD-BDY-320","Semiconductor Cost","2818.8"
"BYD-DOLPHIN-TH","DOL-BYD-BDY-320","Corporate SG&A Allocation","2349"
"BYD-DOLPHIN-TH","DOL-BYD-BDY-320","Financing Cost","1409.4"
"BYD-DOLPHIN-TH","DOL-BYD-BDY-320","Risk Reserve","1879.2"
"BYD-DOLPHIN-TH","DOL-BYD-BDY-320","ESG/Carbon Cost","939.6"
"BYD-DOLPHIN-TH","DOL-BYD-INT-400","Raw Material Cost","11339"
"BYD-DOLPHIN-TH","DOL-BYD-INT-400","Purchased Parts Cost","6902"
"BYD-DOLPHIN-TH","DOL-BYD-INT-400","Direct Labor Cost","2958"
"BYD-DOLPHIN-TH","DOL-BYD-INT-400","Indirect Labor Cost","1479"
"BYD-DOLPHIN-TH","DOL-BYD-INT-400","Machine Cost","2465"
"BYD-DOLPHIN-TH","DOL-BYD-INT-400","Energy Cost","1479"
"BYD-DOLPHIN-TH","DOL-BYD-INT-400","Tooling Cost","1972"
"BYD-DOLPHIN-TH","DOL-BYD-INT-400","Logistics Cost","2465"
"BYD-DOLPHIN-TH","DOL-BYD-INT-400","Import Duty","986"
"BYD-DOLPHIN-TH","DOL-BYD-INT-400","Quality Cost","1479"
"BYD-DOLPHIN-TH","DOL-BYD-INT-400","Warranty Reserve","1479"
"BYD-DOLPHIN-TH","DOL-BYD-INT-400","R&D Allocation","2465"
"BYD-DOLPHIN-TH","DOL-BYD-INT-400","Software Cost","1972"
"BYD-DOLPHIN-TH","DOL-BYD-INT-400","Semiconductor Cost","2958"
"BYD-DOLPHIN-TH","DOL-BYD-INT-400","Corporate SG&A Allocation","2465"
"BYD-DOLPHIN-TH","DOL-BYD-INT-400","Financing Cost","1479"
"BYD-DOLPHIN-TH","DOL-BYD-INT-400","Risk Reserve","1972"
"BYD-DOLPHIN-TH","DOL-BYD-INT-400","ESG/Carbon Cost","986"
"BYD-DOLPHIN-TH","DOL-BYD-ELC-500","Raw Material Cost","14674"
"BYD-DOLPHIN-TH","DOL-BYD-ELC-500","Purchased Parts Cost","8932"
"BYD-DOLPHIN-TH","DOL-BYD-ELC-500","Direct Labor Cost","3828"
"BYD-DOLPHIN-TH","DOL-BYD-ELC-500","Indirect Labor Cost","1914"
"BYD-DOLPHIN-TH","DOL-BYD-ELC-500","Machine Cost","3190"
"BYD-DOLPHIN-TH","DOL-BYD-ELC-500","Energy Cost","1914"
"BYD-DOLPHIN-TH","DOL-BYD-ELC-500","Tooling Cost","2552"
"BYD-DOLPHIN-TH","DOL-BYD-ELC-500","Logistics Cost","3190"
"BYD-DOLPHIN-TH","DOL-BYD-ELC-500","Import Duty","1276"
"BYD-DOLPHIN-TH","DOL-BYD-ELC-500","Quality Cost","1914"
"BYD-DOLPHIN-TH","DOL-BYD-ELC-500","Warranty Reserve","1914"
"BYD-DOLPHIN-TH","DOL-BYD-ELC-500","R&D Allocation","3190"
"BYD-DOLPHIN-TH","DOL-BYD-ELC-500","Software Cost","2552"
"BYD-DOLPHIN-TH","DOL-BYD-ELC-500","Semiconductor Cost","3828"
"BYD-DOLPHIN-TH","DOL-BYD-ELC-500","Corporate SG&A Allocation","3190"
"BYD-DOLPHIN-TH","DOL-BYD-ELC-500","Financing Cost","1914"
"BYD-DOLPHIN-TH","DOL-BYD-ELC-500","Risk Reserve","2552"
"BYD-DOLPHIN-TH","DOL-BYD-ELC-500","ESG/Carbon Cost","1276"
"BYD-DOLPHIN-TH","DOL-BYD-ELC-510","Raw Material Cost","10005"
"BYD-DOLPHIN-TH","DOL-BYD-ELC-510","Purchased Parts Cost","6090"
"BYD-DOLPHIN-TH","DOL-BYD-ELC-510","Direct Labor Cost","2610"
"BYD-DOLPHIN-TH","DOL-BYD-ELC-510","Indirect Labor Cost","1305"
"BYD-DOLPHIN-TH","DOL-BYD-ELC-510","Machine Cost","2175"
"BYD-DOLPHIN-TH","DOL-BYD-ELC-510","Energy Cost","1305"
"BYD-DOLPHIN-TH","DOL-BYD-ELC-510","Tooling Cost","1740"
"BYD-DOLPHIN-TH","DOL-BYD-ELC-510","Logistics Cost","2175"
"BYD-DOLPHIN-TH","DOL-BYD-ELC-510","Import Duty","870"
"BYD-DOLPHIN-TH","DOL-BYD-ELC-510","Quality Cost","1305"
"BYD-DOLPHIN-TH","DOL-BYD-ELC-510","Warranty Reserve","1305"
"BYD-DOLPHIN-TH","DOL-BYD-ELC-510","R&D Allocation","2175"
"BYD-DOLPHIN-TH","DOL-BYD-ELC-510","Software Cost","1740"
"BYD-DOLPHIN-TH","DOL-BYD-ELC-510","Semiconductor Cost","2610"
"BYD-DOLPHIN-TH","DOL-BYD-ELC-510","Corporate SG&A Allocation","2175"
"BYD-DOLPHIN-TH","DOL-BYD-ELC-510","Financing Cost","1305"
"BYD-DOLPHIN-TH","DOL-BYD-ELC-510","Risk Reserve","1740"
"BYD-DOLPHIN-TH","DOL-BYD-ELC-510","ESG/Carbon Cost","870"
"BYD-DOLPHIN-TH","DOL-BYD-MFG-600","Raw Material Cost","10672"
"BYD-DOLPHIN-TH","DOL-BYD-MFG-600","Purchased Parts Cost","6496"
"BYD-DOLPHIN-TH","DOL-BYD-MFG-600","Direct Labor Cost","2784"
"BYD-DOLPHIN-TH","DOL-BYD-MFG-600","Indirect Labor Cost","1392"
"BYD-DOLPHIN-TH","DOL-BYD-MFG-600","Machine Cost","2320"
"BYD-DOLPHIN-TH","DOL-BYD-MFG-600","Energy Cost","1392"
"BYD-DOLPHIN-TH","DOL-BYD-MFG-600","Tooling Cost","1856"
"BYD-DOLPHIN-TH","DOL-BYD-MFG-600","Logistics Cost","2320"
"BYD-DOLPHIN-TH","DOL-BYD-MFG-600","Import Duty","928"
"BYD-DOLPHIN-TH","DOL-BYD-MFG-600","Quality Cost","1392"
"BYD-DOLPHIN-TH","DOL-BYD-MFG-600","Warranty Reserve","1392"
"BYD-DOLPHIN-TH","DOL-BYD-MFG-600","R&D Allocation","2320"
"BYD-DOLPHIN-TH","DOL-BYD-MFG-600","Software Cost","1856"
"BYD-DOLPHIN-TH","DOL-BYD-MFG-600","Semiconductor Cost","2784"
"BYD-DOLPHIN-TH","DOL-BYD-MFG-600","Corporate SG&A Allocation","2320"
"BYD-DOLPHIN-TH","DOL-BYD-MFG-600","Financing Cost","1392"
"BYD-DOLPHIN-TH","DOL-BYD-MFG-600","Risk Reserve","1856"
"BYD-DOLPHIN-TH","DOL-BYD-MFG-600","ESG/Carbon Cost","928"
"BYD-DOLPHIN-TH","DOL-BYD-LOG-700","Raw Material Cost","6670"
"BYD-DOLPHIN-TH","DOL-BYD-LOG-700","Purchased Parts Cost","4060"
"BYD-DOLPHIN-TH","DOL-BYD-LOG-700","Direct Labor Cost","1740"
"BYD-DOLPHIN-TH","DOL-BYD-LOG-700","Indirect Labor Cost","870"
"BYD-DOLPHIN-TH","DOL-BYD-LOG-700","Machine Cost","1450"
"BYD-DOLPHIN-TH","DOL-BYD-LOG-700","Energy Cost","870"
"BYD-DOLPHIN-TH","DOL-BYD-LOG-700","Tooling Cost","1160"
"BYD-DOLPHIN-TH","DOL-BYD-LOG-700","Logistics Cost","1450"
"BYD-DOLPHIN-TH","DOL-BYD-LOG-700","Import Duty","580"
"BYD-DOLPHIN-TH","DOL-BYD-LOG-700","Quality Cost","870"
"BYD-DOLPHIN-TH","DOL-BYD-LOG-700","Warranty Reserve","870"
"BYD-DOLPHIN-TH","DOL-BYD-LOG-700","R&D Allocation","1450"
"BYD-DOLPHIN-TH","DOL-BYD-LOG-700","Software Cost","1160"
"BYD-DOLPHIN-TH","DOL-BYD-LOG-700","Semiconductor Cost","1740"
"BYD-DOLPHIN-TH","DOL-BYD-LOG-700","Corporate SG&A Allocation","1450"
"BYD-DOLPHIN-TH","DOL-BYD-LOG-700","Financing Cost","870"
"BYD-DOLPHIN-TH","DOL-BYD-LOG-700","Risk Reserve","1160"
"BYD-DOLPHIN-TH","DOL-BYD-LOG-700","ESG/Carbon Cost","580"
"BYD-DOLPHIN-TH","DOL-BYD-QLT-800","Raw Material Cost","7337"
"BYD-DOLPHIN-TH","DOL-BYD-QLT-800","Purchased Parts Cost","4466"
"BYD-DOLPHIN-TH","DOL-BYD-QLT-800","Direct Labor Cost","1914"
"BYD-DOLPHIN-TH","DOL-BYD-QLT-800","Indirect Labor Cost","957"
"BYD-DOLPHIN-TH","DOL-BYD-QLT-800","Machine Cost","1595"
"BYD-DOLPHIN-TH","DOL-BYD-QLT-800","Energy Cost","957"
"BYD-DOLPHIN-TH","DOL-BYD-QLT-800","Tooling Cost","1276"
"BYD-DOLPHIN-TH","DOL-BYD-QLT-800","Logistics Cost","1595"
"BYD-DOLPHIN-TH","DOL-BYD-QLT-800","Import Duty","638"
"BYD-DOLPHIN-TH","DOL-BYD-QLT-800","Quality Cost","957"
"BYD-DOLPHIN-TH","DOL-BYD-QLT-800","Warranty Reserve","957"
"BYD-DOLPHIN-TH","DOL-BYD-QLT-800","R&D Allocation","1595"
"BYD-DOLPHIN-TH","DOL-BYD-QLT-800","Software Cost","1276"
"BYD-DOLPHIN-TH","DOL-BYD-QLT-800","Semiconductor Cost","1914"
"BYD-DOLPHIN-TH","DOL-BYD-QLT-800","Corporate SG&A Allocation","1595"
"BYD-DOLPHIN-TH","DOL-BYD-QLT-800","Financing Cost","957"
"BYD-DOLPHIN-TH","DOL-BYD-QLT-800","Risk Reserve","1276"
"BYD-DOLPHIN-TH","DOL-BYD-QLT-800","ESG/Carbon Cost","638"
"BYD-DOLPHIN-TH","DOL-BYD-RND-900","Raw Material Cost","9338"
"BYD-DOLPHIN-TH","DOL-BYD-RND-900","Purchased Parts Cost","5684"
"BYD-DOLPHIN-TH","DOL-BYD-RND-900","Direct Labor Cost","2436"
"BYD-DOLPHIN-TH","DOL-BYD-RND-900","Indirect Labor Cost","1218"
"BYD-DOLPHIN-TH","DOL-BYD-RND-900","Machine Cost","2030"
"BYD-DOLPHIN-TH","DOL-BYD-RND-900","Energy Cost","1218"
"BYD-DOLPHIN-TH","DOL-BYD-RND-900","Tooling Cost","1624"
"BYD-DOLPHIN-TH","DOL-BYD-RND-900","Logistics Cost","2030"
"BYD-DOLPHIN-TH","DOL-BYD-RND-900","Import Duty","812"
"BYD-DOLPHIN-TH","DOL-BYD-RND-900","Quality Cost","1218"
"BYD-DOLPHIN-TH","DOL-BYD-RND-900","Warranty Reserve","1218"
"BYD-DOLPHIN-TH","DOL-BYD-RND-900","R&D Allocation","2030"
"BYD-DOLPHIN-TH","DOL-BYD-RND-900","Software Cost","1624"
"BYD-DOLPHIN-TH","DOL-BYD-RND-900","Semiconductor Cost","2436"
"BYD-DOLPHIN-TH","DOL-BYD-RND-900","Corporate SG&A Allocation","2030"
"BYD-DOLPHIN-TH","DOL-BYD-RND-900","Financing Cost","1218"
"BYD-DOLPHIN-TH","DOL-BYD-RND-900","Risk Reserve","1624"
"BYD-DOLPHIN-TH","DOL-BYD-RND-900","ESG/Carbon Cost","812"
"BYD-DOLPHIN-TH","DOL-BYD-SGA-910","Raw Material Cost","8004"
"BYD-DOLPHIN-TH","DOL-BYD-SGA-910","Purchased Parts Cost","4872"
"BYD-DOLPHIN-TH","DOL-BYD-SGA-910","Direct Labor Cost","2088"
"BYD-DOLPHIN-TH","DOL-BYD-SGA-910","Indirect Labor Cost","1044"
"BYD-DOLPHIN-TH","DOL-BYD-SGA-910","Machine Cost","1740"
"BYD-DOLPHIN-TH","DOL-BYD-SGA-910","Energy Cost","1044"
"BYD-DOLPHIN-TH","DOL-BYD-SGA-910","Tooling Cost","1392"
"BYD-DOLPHIN-TH","DOL-BYD-SGA-910","Logistics Cost","1740"
"BYD-DOLPHIN-TH","DOL-BYD-SGA-910","Import Duty","696"
"BYD-DOLPHIN-TH","DOL-BYD-SGA-910","Quality Cost","1044"
"BYD-DOLPHIN-TH","DOL-BYD-SGA-910","Warranty Reserve","1044"
"BYD-DOLPHIN-TH","DOL-BYD-SGA-910","R&D Allocation","1740"
"BYD-DOLPHIN-TH","DOL-BYD-SGA-910","Software Cost","1392"
"BYD-DOLPHIN-TH","DOL-BYD-SGA-910","Semiconductor Cost","2088"
"BYD-DOLPHIN-TH","DOL-BYD-SGA-910","Corporate SG&A Allocation","1740"
"BYD-DOLPHIN-TH","DOL-BYD-SGA-910","Financing Cost","1044"
"BYD-DOLPHIN-TH","DOL-BYD-SGA-910","Risk Reserve","1392"
"BYD-DOLPHIN-TH","DOL-BYD-SGA-910","ESG/Carbon Cost","696"
"BYD-DOLPHIN-TH","DOL-BYD-RSK-920","Raw Material Cost","5336"
"BYD-DOLPHIN-TH","DOL-BYD-RSK-920","Purchased Parts Cost","3248"
"BYD-DOLPHIN-TH","DOL-BYD-RSK-920","Direct Labor Cost","1392"
"BYD-DOLPHIN-TH","DOL-BYD-RSK-920","Indirect Labor Cost","696"
"BYD-DOLPHIN-TH","DOL-BYD-RSK-920","Machine Cost","1160"
"BYD-DOLPHIN-TH","DOL-BYD-RSK-920","Energy Cost","696"
"BYD-DOLPHIN-TH","DOL-BYD-RSK-920","Tooling Cost","928"
"BYD-DOLPHIN-TH","DOL-BYD-RSK-920","Logistics Cost","1160"
"BYD-DOLPHIN-TH","DOL-BYD-RSK-920","Import Duty","464"
"BYD-DOLPHIN-TH","DOL-BYD-RSK-920","Quality Cost","696"
"BYD-DOLPHIN-TH","DOL-BYD-RSK-920","Warranty Reserve","696"
"BYD-DOLPHIN-TH","DOL-BYD-RSK-920","R&D Allocation","1160"
"BYD-DOLPHIN-TH","DOL-BYD-RSK-920","Software Cost","928"
"BYD-DOLPHIN-TH","DOL-BYD-RSK-920","Semiconductor Cost","1392"
"BYD-DOLPHIN-TH","DOL-BYD-RSK-920","Corporate SG&A Allocation","1160"
"BYD-DOLPHIN-TH","DOL-BYD-RSK-920","Financing Cost","696"
"BYD-DOLPHIN-TH","DOL-BYD-RSK-920","Risk Reserve","928"
"BYD-DOLPHIN-TH","DOL-BYD-RSK-920","ESG/Carbon Cost","464"
"BYD-ATTO3-TH","AT3-BYD-BAT-100","Raw Material Cost","57408"
"BYD-ATTO3-TH","AT3-BYD-BAT-100","Purchased Parts Cost","34944"
"BYD-ATTO3-TH","AT3-BYD-BAT-100","Direct Labor Cost","14976"
"BYD-ATTO3-TH","AT3-BYD-BAT-100","Indirect Labor Cost","7488"
"BYD-ATTO3-TH","AT3-BYD-BAT-100","Machine Cost","12480"
"BYD-ATTO3-TH","AT3-BYD-BAT-100","Energy Cost","7488"
"BYD-ATTO3-TH","AT3-BYD-BAT-100","Tooling Cost","9984"
"BYD-ATTO3-TH","AT3-BYD-BAT-100","Logistics Cost","12480"
"BYD-ATTO3-TH","AT3-BYD-BAT-100","Import Duty","4992"
"BYD-ATTO3-TH","AT3-BYD-BAT-100","Quality Cost","7488"
"BYD-ATTO3-TH","AT3-BYD-BAT-100","Warranty Reserve","7488"
"BYD-ATTO3-TH","AT3-BYD-BAT-100","R&D Allocation","12480"
"BYD-ATTO3-TH","AT3-BYD-BAT-100","Software Cost","9984"
"BYD-ATTO3-TH","AT3-BYD-BAT-100","Semiconductor Cost","14976"
"BYD-ATTO3-TH","AT3-BYD-BAT-100","Corporate SG&A Allocation","12480"
"BYD-ATTO3-TH","AT3-BYD-BAT-100","Financing Cost","7488"
"BYD-ATTO3-TH","AT3-BYD-BAT-100","Risk Reserve","9984"
"BYD-ATTO3-TH","AT3-BYD-BAT-100","ESG/Carbon Cost","4992"
"BYD-ATTO3-TH","AT3-BYD-BAT-110","Raw Material Cost","32292"
"BYD-ATTO3-TH","AT3-BYD-BAT-110","Purchased Parts Cost","19656"
"BYD-ATTO3-TH","AT3-BYD-BAT-110","Direct Labor Cost","8424"
"BYD-ATTO3-TH","AT3-BYD-BAT-110","Indirect Labor Cost","4212"
"BYD-ATTO3-TH","AT3-BYD-BAT-110","Machine Cost","7020"
"BYD-ATTO3-TH","AT3-BYD-BAT-110","Energy Cost","4212"
"BYD-ATTO3-TH","AT3-BYD-BAT-110","Tooling Cost","5616"
"BYD-ATTO3-TH","AT3-BYD-BAT-110","Logistics Cost","7020"
"BYD-ATTO3-TH","AT3-BYD-BAT-110","Import Duty","2808"
"BYD-ATTO3-TH","AT3-BYD-BAT-110","Quality Cost","4212"
"BYD-ATTO3-TH","AT3-BYD-BAT-110","Warranty Reserve","4212"
"BYD-ATTO3-TH","AT3-BYD-BAT-110","R&D Allocation","7020"
"BYD-ATTO3-TH","AT3-BYD-BAT-110","Software Cost","5616"
"BYD-ATTO3-TH","AT3-BYD-BAT-110","Semiconductor Cost","8424"
"BYD-ATTO3-TH","AT3-BYD-BAT-110","Corporate SG&A Allocation","7020"
"BYD-ATTO3-TH","AT3-BYD-BAT-110","Financing Cost","4212"
"BYD-ATTO3-TH","AT3-BYD-BAT-110","Risk Reserve","5616"
"BYD-ATTO3-TH","AT3-BYD-BAT-110","ESG/Carbon Cost","2808"
"BYD-ATTO3-TH","AT3-BYD-BAT-120","Raw Material Cost","6817.2"
"BYD-ATTO3-TH","AT3-BYD-BAT-120","Purchased Parts Cost","4149.6"
"BYD-ATTO3-TH","AT3-BYD-BAT-120","Direct Labor Cost","1778.4"
"BYD-ATTO3-TH","AT3-BYD-BAT-120","Indirect Labor Cost","889.2"
"BYD-ATTO3-TH","AT3-BYD-BAT-120","Machine Cost","1482"
"BYD-ATTO3-TH","AT3-BYD-BAT-120","Energy Cost","889.2"
"BYD-ATTO3-TH","AT3-BYD-BAT-120","Tooling Cost","1185.6"
"BYD-ATTO3-TH","AT3-BYD-BAT-120","Logistics Cost","1482"
"BYD-ATTO3-TH","AT3-BYD-BAT-120","Import Duty","592.8"
"BYD-ATTO3-TH","AT3-BYD-BAT-120","Quality Cost","889.2"
"BYD-ATTO3-TH","AT3-BYD-BAT-120","Warranty Reserve","889.2"
"BYD-ATTO3-TH","AT3-BYD-BAT-120","R&D Allocation","1482"
"BYD-ATTO3-TH","AT3-BYD-BAT-120","Software Cost","1185.6"
"BYD-ATTO3-TH","AT3-BYD-BAT-120","Semiconductor Cost","1778.4"
"BYD-ATTO3-TH","AT3-BYD-BAT-120","Corporate SG&A Allocation","1482"
"BYD-ATTO3-TH","AT3-BYD-BAT-120","Financing Cost","889.2"
"BYD-ATTO3-TH","AT3-BYD-BAT-120","Risk Reserve","1185.6"
"BYD-ATTO3-TH","AT3-BYD-BAT-120","ESG/Carbon Cost","592.8"
"BYD-ATTO3-TH","AT3-BYD-DRV-200","Raw Material Cost","26013"
"BYD-ATTO3-TH","AT3-BYD-DRV-200","Purchased Parts Cost","15834"
"BYD-ATTO3-TH","AT3-BYD-DRV-200","Direct Labor Cost","6786"
"BYD-ATTO3-TH","AT3-BYD-DRV-200","Indirect Labor Cost","3393"
"BYD-ATTO3-TH","AT3-BYD-DRV-200","Machine Cost","5655"
"BYD-ATTO3-TH","AT3-BYD-DRV-200","Energy Cost","3393"
"BYD-ATTO3-TH","AT3-BYD-DRV-200","Tooling Cost","4524"
"BYD-ATTO3-TH","AT3-BYD-DRV-200","Logistics Cost","5655"
"BYD-ATTO3-TH","AT3-BYD-DRV-200","Import Duty","2262"
"BYD-ATTO3-TH","AT3-BYD-DRV-200","Quality Cost","3393"
"BYD-ATTO3-TH","AT3-BYD-DRV-200","Warranty Reserve","3393"
"BYD-ATTO3-TH","AT3-BYD-DRV-200","R&D Allocation","5655"
"BYD-ATTO3-TH","AT3-BYD-DRV-200","Software Cost","4524"
"BYD-ATTO3-TH","AT3-BYD-DRV-200","Semiconductor Cost","6786"
"BYD-ATTO3-TH","AT3-BYD-DRV-200","Corporate SG&A Allocation","5655"
"BYD-ATTO3-TH","AT3-BYD-DRV-200","Financing Cost","3393"
"BYD-ATTO3-TH","AT3-BYD-DRV-200","Risk Reserve","4524"
"BYD-ATTO3-TH","AT3-BYD-DRV-200","ESG/Carbon Cost","2262"
"BYD-ATTO3-TH","AT3-BYD-DRV-210","Raw Material Cost","16146"
"BYD-ATTO3-TH","AT3-BYD-DRV-210","Purchased Parts Cost","9828"
"BYD-ATTO3-TH","AT3-BYD-DRV-210","Direct Labor Cost","4212"
"BYD-ATTO3-TH","AT3-BYD-DRV-210","Indirect Labor Cost","2106"
"BYD-ATTO3-TH","AT3-BYD-DRV-210","Machine Cost","3510"
"BYD-ATTO3-TH","AT3-BYD-DRV-210","Energy Cost","2106"
"BYD-ATTO3-TH","AT3-BYD-DRV-210","Tooling Cost","2808"
"BYD-ATTO3-TH","AT3-BYD-DRV-210","Logistics Cost","3510"
"BYD-ATTO3-TH","AT3-BYD-DRV-210","Import Duty","1404"
"BYD-ATTO3-TH","AT3-BYD-DRV-210","Quality Cost","2106"
"BYD-ATTO3-TH","AT3-BYD-DRV-210","Warranty Reserve","2106"
"BYD-ATTO3-TH","AT3-BYD-DRV-210","R&D Allocation","3510"
"BYD-ATTO3-TH","AT3-BYD-DRV-210","Software Cost","2808"
"BYD-ATTO3-TH","AT3-BYD-DRV-210","Semiconductor Cost","4212"
"BYD-ATTO3-TH","AT3-BYD-DRV-210","Corporate SG&A Allocation","3510"
"BYD-ATTO3-TH","AT3-BYD-DRV-210","Financing Cost","2106"
"BYD-ATTO3-TH","AT3-BYD-DRV-210","Risk Reserve","2808"
"BYD-ATTO3-TH","AT3-BYD-DRV-210","ESG/Carbon Cost","1404"
"BYD-ATTO3-TH","AT3-BYD-DRV-220","Raw Material Cost","11661"
"BYD-ATTO3-TH","AT3-BYD-DRV-220","Purchased Parts Cost","7098"
"BYD-ATTO3-TH","AT3-BYD-DRV-220","Direct Labor Cost","3042"
"BYD-ATTO3-TH","AT3-BYD-DRV-220","Indirect Labor Cost","1521"
"BYD-ATTO3-TH","AT3-BYD-DRV-220","Machine Cost","2535"
"BYD-ATTO3-TH","AT3-BYD-DRV-220","Energy Cost","1521"
"BYD-ATTO3-TH","AT3-BYD-DRV-220","Tooling Cost","2028"
"BYD-ATTO3-TH","AT3-BYD-DRV-220","Logistics Cost","2535"
"BYD-ATTO3-TH","AT3-BYD-DRV-220","Import Duty","1014"
"BYD-ATTO3-TH","AT3-BYD-DRV-220","Quality Cost","1521"
"BYD-ATTO3-TH","AT3-BYD-DRV-220","Warranty Reserve","1521"
"BYD-ATTO3-TH","AT3-BYD-DRV-220","R&D Allocation","2535"
"BYD-ATTO3-TH","AT3-BYD-DRV-220","Software Cost","2028"
"BYD-ATTO3-TH","AT3-BYD-DRV-220","Semiconductor Cost","3042"
"BYD-ATTO3-TH","AT3-BYD-DRV-220","Corporate SG&A Allocation","2535"
"BYD-ATTO3-TH","AT3-BYD-DRV-220","Financing Cost","1521"
"BYD-ATTO3-TH","AT3-BYD-DRV-220","Risk Reserve","2028"
"BYD-ATTO3-TH","AT3-BYD-DRV-220","ESG/Carbon Cost","1014"
"BYD-ATTO3-TH","AT3-BYD-BDY-300","Raw Material Cost","23322"
"BYD-ATTO3-TH","AT3-BYD-BDY-300","Purchased Parts Cost","14196"
"BYD-ATTO3-TH","AT3-BYD-BDY-300","Direct Labor Cost","6084"
"BYD-ATTO3-TH","AT3-BYD-BDY-300","Indirect Labor Cost","3042"
"BYD-ATTO3-TH","AT3-BYD-BDY-300","Machine Cost","5070"
"BYD-ATTO3-TH","AT3-BYD-BDY-300","Energy Cost","3042"
"BYD-ATTO3-TH","AT3-BYD-BDY-300","Tooling Cost","4056"
"BYD-ATTO3-TH","AT3-BYD-BDY-300","Logistics Cost","5070"
"BYD-ATTO3-TH","AT3-BYD-BDY-300","Import Duty","2028"
"BYD-ATTO3-TH","AT3-BYD-BDY-300","Quality Cost","3042"
"BYD-ATTO3-TH","AT3-BYD-BDY-300","Warranty Reserve","3042"
"BYD-ATTO3-TH","AT3-BYD-BDY-300","R&D Allocation","5070"
"BYD-ATTO3-TH","AT3-BYD-BDY-300","Software Cost","4056"
"BYD-ATTO3-TH","AT3-BYD-BDY-300","Semiconductor Cost","6084"
"BYD-ATTO3-TH","AT3-BYD-BDY-300","Corporate SG&A Allocation","5070"
"BYD-ATTO3-TH","AT3-BYD-BDY-300","Financing Cost","3042"
"BYD-ATTO3-TH","AT3-BYD-BDY-300","Risk Reserve","4056"
"BYD-ATTO3-TH","AT3-BYD-BDY-300","ESG/Carbon Cost","2028"
"BYD-ATTO3-TH","AT3-BYD-BDY-310","Raw Material Cost","11122.8"
"BYD-ATTO3-TH","AT3-BYD-BDY-310","Purchased Parts Cost","6770.4"
"BYD-ATTO3-TH","AT3-BYD-BDY-310","Direct Labor Cost","2901.6"
"BYD-ATTO3-TH","AT3-BYD-BDY-310","Indirect Labor Cost","1450.8"
"BYD-ATTO3-TH","AT3-BYD-BDY-310","Machine Cost","2418"
"BYD-ATTO3-TH","AT3-BYD-BDY-310","Energy Cost","1450.8"
"BYD-ATTO3-TH","AT3-BYD-BDY-310","Tooling Cost","1934.4"
"BYD-ATTO3-TH","AT3-BYD-BDY-310","Logistics Cost","2418"
"BYD-ATTO3-TH","AT3-BYD-BDY-310","Import Duty","967.2"
"BYD-ATTO3-TH","AT3-BYD-BDY-310","Quality Cost","1450.8"
"BYD-ATTO3-TH","AT3-BYD-BDY-310","Warranty Reserve","1450.8"
"BYD-ATTO3-TH","AT3-BYD-BDY-310","R&D Allocation","2418"
"BYD-ATTO3-TH","AT3-BYD-BDY-310","Software Cost","1934.4"
"BYD-ATTO3-TH","AT3-BYD-BDY-310","Semiconductor Cost","2901.6"
"BYD-ATTO3-TH","AT3-BYD-BDY-310","Corporate SG&A Allocation","2418"
"BYD-ATTO3-TH","AT3-BYD-BDY-310","Financing Cost","1450.8"
"BYD-ATTO3-TH","AT3-BYD-BDY-310","Risk Reserve","1934.4"
"BYD-ATTO3-TH","AT3-BYD-BDY-310","ESG/Carbon Cost","967.2"
"BYD-ATTO3-TH","AT3-BYD-BDY-320","Raw Material Cost","14531.4"
"BYD-ATTO3-TH","AT3-BYD-BDY-320","Purchased Parts Cost","8845.2"
"BYD-ATTO3-TH","AT3-BYD-BDY-320","Direct Labor Cost","3790.8"
"BYD-ATTO3-TH","AT3-BYD-BDY-320","Indirect Labor Cost","1895.4"
"BYD-ATTO3-TH","AT3-BYD-BDY-320","Machine Cost","3159"
"BYD-ATTO3-TH","AT3-BYD-BDY-320","Energy Cost","1895.4"
"BYD-ATTO3-TH","AT3-BYD-BDY-320","Tooling Cost","2527.2"
"BYD-ATTO3-TH","AT3-BYD-BDY-320","Logistics Cost","3159"
"BYD-ATTO3-TH","AT3-BYD-BDY-320","Import Duty","1263.6"
"BYD-ATTO3-TH","AT3-BYD-BDY-320","Quality Cost","1895.4"
"BYD-ATTO3-TH","AT3-BYD-BDY-320","Warranty Reserve","1895.4"
"BYD-ATTO3-TH","AT3-BYD-BDY-320","R&D Allocation","3159"
"BYD-ATTO3-TH","AT3-BYD-BDY-320","Software Cost","2527.2"
"BYD-ATTO3-TH","AT3-BYD-BDY-320","Semiconductor Cost","3790.8"
"BYD-ATTO3-TH","AT3-BYD-BDY-320","Corporate SG&A Allocation","3159"
"BYD-ATTO3-TH","AT3-BYD-BDY-320","Financing Cost","1895.4"
"BYD-ATTO3-TH","AT3-BYD-BDY-320","Risk Reserve","2527.2"
"BYD-ATTO3-TH","AT3-BYD-BDY-320","ESG/Carbon Cost","1263.6"
"BYD-ATTO3-TH","AT3-BYD-INT-400","Raw Material Cost","15249"
"BYD-ATTO3-TH","AT3-BYD-INT-400","Purchased Parts Cost","9282"
"BYD-ATTO3-TH","AT3-BYD-INT-400","Direct Labor Cost","3978"
"BYD-ATTO3-TH","AT3-BYD-INT-400","Indirect Labor Cost","1989"
"BYD-ATTO3-TH","AT3-BYD-INT-400","Machine Cost","3315"
"BYD-ATTO3-TH","AT3-BYD-INT-400","Energy Cost","1989"
"BYD-ATTO3-TH","AT3-BYD-INT-400","Tooling Cost","2652"
"BYD-ATTO3-TH","AT3-BYD-INT-400","Logistics Cost","3315"
"BYD-ATTO3-TH","AT3-BYD-INT-400","Import Duty","1326"
"BYD-ATTO3-TH","AT3-BYD-INT-400","Quality Cost","1989"
"BYD-ATTO3-TH","AT3-BYD-INT-400","Warranty Reserve","1989"
"BYD-ATTO3-TH","AT3-BYD-INT-400","R&D Allocation","3315"
"BYD-ATTO3-TH","AT3-BYD-INT-400","Software Cost","2652"
"BYD-ATTO3-TH","AT3-BYD-INT-400","Semiconductor Cost","3978"
"BYD-ATTO3-TH","AT3-BYD-INT-400","Corporate SG&A Allocation","3315"
"BYD-ATTO3-TH","AT3-BYD-INT-400","Financing Cost","1989"
"BYD-ATTO3-TH","AT3-BYD-INT-400","Risk Reserve","2652"
"BYD-ATTO3-TH","AT3-BYD-INT-400","ESG/Carbon Cost","1326"
"BYD-ATTO3-TH","AT3-BYD-ELC-500","Raw Material Cost","19734"
"BYD-ATTO3-TH","AT3-BYD-ELC-500","Purchased Parts Cost","12012"
"BYD-ATTO3-TH","AT3-BYD-ELC-500","Direct Labor Cost","5148"
"BYD-ATTO3-TH","AT3-BYD-ELC-500","Indirect Labor Cost","2574"
"BYD-ATTO3-TH","AT3-BYD-ELC-500","Machine Cost","4290"
"BYD-ATTO3-TH","AT3-BYD-ELC-500","Energy Cost","2574"
"BYD-ATTO3-TH","AT3-BYD-ELC-500","Tooling Cost","3432"
"BYD-ATTO3-TH","AT3-BYD-ELC-500","Logistics Cost","4290"
"BYD-ATTO3-TH","AT3-BYD-ELC-500","Import Duty","1716"
"BYD-ATTO3-TH","AT3-BYD-ELC-500","Quality Cost","2574"
"BYD-ATTO3-TH","AT3-BYD-ELC-500","Warranty Reserve","2574"
"BYD-ATTO3-TH","AT3-BYD-ELC-500","R&D Allocation","4290"
"BYD-ATTO3-TH","AT3-BYD-ELC-500","Software Cost","3432"
"BYD-ATTO3-TH","AT3-BYD-ELC-500","Semiconductor Cost","5148"
"BYD-ATTO3-TH","AT3-BYD-ELC-500","Corporate SG&A Allocation","4290"
"BYD-ATTO3-TH","AT3-BYD-ELC-500","Financing Cost","2574"
"BYD-ATTO3-TH","AT3-BYD-ELC-500","Risk Reserve","3432"
"BYD-ATTO3-TH","AT3-BYD-ELC-500","ESG/Carbon Cost","1716"
"BYD-ATTO3-TH","AT3-BYD-ELC-510","Raw Material Cost","13455"
"BYD-ATTO3-TH","AT3-BYD-ELC-510","Purchased Parts Cost","8190"
"BYD-ATTO3-TH","AT3-BYD-ELC-510","Direct Labor Cost","3510"
"BYD-ATTO3-TH","AT3-BYD-ELC-510","Indirect Labor Cost","1755"
"BYD-ATTO3-TH","AT3-BYD-ELC-510","Machine Cost","2925"
"BYD-ATTO3-TH","AT3-BYD-ELC-510","Energy Cost","1755"
"BYD-ATTO3-TH","AT3-BYD-ELC-510","Tooling Cost","2340"
"BYD-ATTO3-TH","AT3-BYD-ELC-510","Logistics Cost","2925"
"BYD-ATTO3-TH","AT3-BYD-ELC-510","Import Duty","1170"
"BYD-ATTO3-TH","AT3-BYD-ELC-510","Quality Cost","1755"
"BYD-ATTO3-TH","AT3-BYD-ELC-510","Warranty Reserve","1755"
"BYD-ATTO3-TH","AT3-BYD-ELC-510","R&D Allocation","2925"
"BYD-ATTO3-TH","AT3-BYD-ELC-510","Software Cost","2340"
"BYD-ATTO3-TH","AT3-BYD-ELC-510","Semiconductor Cost","3510"
"BYD-ATTO3-TH","AT3-BYD-ELC-510","Corporate SG&A Allocation","2925"
"BYD-ATTO3-TH","AT3-BYD-ELC-510","Financing Cost","1755"
"BYD-ATTO3-TH","AT3-BYD-ELC-510","Risk Reserve","2340"
"BYD-ATTO3-TH","AT3-BYD-ELC-510","ESG/Carbon Cost","1170"
"BYD-ATTO3-TH","AT3-BYD-MFG-600","Raw Material Cost","14352"
"BYD-ATTO3-TH","AT3-BYD-MFG-600","Purchased Parts Cost","8736"
"BYD-ATTO3-TH","AT3-BYD-MFG-600","Direct Labor Cost","3744"
"BYD-ATTO3-TH","AT3-BYD-MFG-600","Indirect Labor Cost","1872"
"BYD-ATTO3-TH","AT3-BYD-MFG-600","Machine Cost","3120"
"BYD-ATTO3-TH","AT3-BYD-MFG-600","Energy Cost","1872"
"BYD-ATTO3-TH","AT3-BYD-MFG-600","Tooling Cost","2496"
"BYD-ATTO3-TH","AT3-BYD-MFG-600","Logistics Cost","3120"
"BYD-ATTO3-TH","AT3-BYD-MFG-600","Import Duty","1248"
"BYD-ATTO3-TH","AT3-BYD-MFG-600","Quality Cost","1872"
"BYD-ATTO3-TH","AT3-BYD-MFG-600","Warranty Reserve","1872"
"BYD-ATTO3-TH","AT3-BYD-MFG-600","R&D Allocation","3120"
"BYD-ATTO3-TH","AT3-BYD-MFG-600","Software Cost","2496"
"BYD-ATTO3-TH","AT3-BYD-MFG-600","Semiconductor Cost","3744"
"BYD-ATTO3-TH","AT3-BYD-MFG-600","Corporate SG&A Allocation","3120"
"BYD-ATTO3-TH","AT3-BYD-MFG-600","Financing Cost","1872"
"BYD-ATTO3-TH","AT3-BYD-MFG-600","Risk Reserve","2496"
"BYD-ATTO3-TH","AT3-BYD-MFG-600","ESG/Carbon Cost","1248"
"BYD-ATTO3-TH","AT3-BYD-LOG-700","Raw Material Cost","8970"
"BYD-ATTO3-TH","AT3-BYD-LOG-700","Purchased Parts Cost","5460"
"BYD-ATTO3-TH","AT3-BYD-LOG-700","Direct Labor Cost","2340"
"BYD-ATTO3-TH","AT3-BYD-LOG-700","Indirect Labor Cost","1170"
"BYD-ATTO3-TH","AT3-BYD-LOG-700","Machine Cost","1950"
"BYD-ATTO3-TH","AT3-BYD-LOG-700","Energy Cost","1170"
"BYD-ATTO3-TH","AT3-BYD-LOG-700","Tooling Cost","1560"
"BYD-ATTO3-TH","AT3-BYD-LOG-700","Logistics Cost","1950"
"BYD-ATTO3-TH","AT3-BYD-LOG-700","Import Duty","780"
"BYD-ATTO3-TH","AT3-BYD-LOG-700","Quality Cost","1170"
"BYD-ATTO3-TH","AT3-BYD-LOG-700","Warranty Reserve","1170"
"BYD-ATTO3-TH","AT3-BYD-LOG-700","R&D Allocation","1950"
"BYD-ATTO3-TH","AT3-BYD-LOG-700","Software Cost","1560"
"BYD-ATTO3-TH","AT3-BYD-LOG-700","Semiconductor Cost","2340"
"BYD-ATTO3-TH","AT3-BYD-LOG-700","Corporate SG&A Allocation","1950"
"BYD-ATTO3-TH","AT3-BYD-LOG-700","Financing Cost","1170"
"BYD-ATTO3-TH","AT3-BYD-LOG-700","Risk Reserve","1560"
"BYD-ATTO3-TH","AT3-BYD-LOG-700","ESG/Carbon Cost","780"
"BYD-ATTO3-TH","AT3-BYD-QLT-800","Raw Material Cost","9867"
"BYD-ATTO3-TH","AT3-BYD-QLT-800","Purchased Parts Cost","6006"
"BYD-ATTO3-TH","AT3-BYD-QLT-800","Direct Labor Cost","2574"
"BYD-ATTO3-TH","AT3-BYD-QLT-800","Indirect Labor Cost","1287"
"BYD-ATTO3-TH","AT3-BYD-QLT-800","Machine Cost","2145"
"BYD-ATTO3-TH","AT3-BYD-QLT-800","Energy Cost","1287"
"BYD-ATTO3-TH","AT3-BYD-QLT-800","Tooling Cost","1716"
"BYD-ATTO3-TH","AT3-BYD-QLT-800","Logistics Cost","2145"
"BYD-ATTO3-TH","AT3-BYD-QLT-800","Import Duty","858"
"BYD-ATTO3-TH","AT3-BYD-QLT-800","Quality Cost","1287"
"BYD-ATTO3-TH","AT3-BYD-QLT-800","Warranty Reserve","1287"
"BYD-ATTO3-TH","AT3-BYD-QLT-800","R&D Allocation","2145"
"BYD-ATTO3-TH","AT3-BYD-QLT-800","Software Cost","1716"
"BYD-ATTO3-TH","AT3-BYD-QLT-800","Semiconductor Cost","2574"
"BYD-ATTO3-TH","AT3-BYD-QLT-800","Corporate SG&A Allocation","2145"
"BYD-ATTO3-TH","AT3-BYD-QLT-800","Financing Cost","1287"
"BYD-ATTO3-TH","AT3-BYD-QLT-800","Risk Reserve","1716"
"BYD-ATTO3-TH","AT3-BYD-QLT-800","ESG/Carbon Cost","858"
"BYD-ATTO3-TH","AT3-BYD-RND-900","Raw Material Cost","12558"
"BYD-ATTO3-TH","AT3-BYD-RND-900","Purchased Parts Cost","7644"
"BYD-ATTO3-TH","AT3-BYD-RND-900","Direct Labor Cost","3276"
"BYD-ATTO3-TH","AT3-BYD-RND-900","Indirect Labor Cost","1638"
"BYD-ATTO3-TH","AT3-BYD-RND-900","Machine Cost","2730"
"BYD-ATTO3-TH","AT3-BYD-RND-900","Energy Cost","1638"
"BYD-ATTO3-TH","AT3-BYD-RND-900","Tooling Cost","2184"
"BYD-ATTO3-TH","AT3-BYD-RND-900","Logistics Cost","2730"
"BYD-ATTO3-TH","AT3-BYD-RND-900","Import Duty","1092"
"BYD-ATTO3-TH","AT3-BYD-RND-900","Quality Cost","1638"
"BYD-ATTO3-TH","AT3-BYD-RND-900","Warranty Reserve","1638"
"BYD-ATTO3-TH","AT3-BYD-RND-900","R&D Allocation","2730"
"BYD-ATTO3-TH","AT3-BYD-RND-900","Software Cost","2184"
"BYD-ATTO3-TH","AT3-BYD-RND-900","Semiconductor Cost","3276"
"BYD-ATTO3-TH","AT3-BYD-RND-900","Corporate SG&A Allocation","2730"
"BYD-ATTO3-TH","AT3-BYD-RND-900","Financing Cost","1638"
"BYD-ATTO3-TH","AT3-BYD-RND-900","Risk Reserve","2184"
"BYD-ATTO3-TH","AT3-BYD-RND-900","ESG/Carbon Cost","1092"
"BYD-ATTO3-TH","AT3-BYD-SGA-910","Raw Material Cost","10764"
"BYD-ATTO3-TH","AT3-BYD-SGA-910","Purchased Parts Cost","6552"
"BYD-ATTO3-TH","AT3-BYD-SGA-910","Direct Labor Cost","2808"
"BYD-ATTO3-TH","AT3-BYD-SGA-910","Indirect Labor Cost","1404"
"BYD-ATTO3-TH","AT3-BYD-SGA-910","Machine Cost","2340"
"BYD-ATTO3-TH","AT3-BYD-SGA-910","Energy Cost","1404"
"BYD-ATTO3-TH","AT3-BYD-SGA-910","Tooling Cost","1872"
"BYD-ATTO3-TH","AT3-BYD-SGA-910","Logistics Cost","2340"
"BYD-ATTO3-TH","AT3-BYD-SGA-910","Import Duty","936"
"BYD-ATTO3-TH","AT3-BYD-SGA-910","Quality Cost","1404"
"BYD-ATTO3-TH","AT3-BYD-SGA-910","Warranty Reserve","1404"
"BYD-ATTO3-TH","AT3-BYD-SGA-910","R&D Allocation","2340"
"BYD-ATTO3-TH","AT3-BYD-SGA-910","Software Cost","1872"
"BYD-ATTO3-TH","AT3-BYD-SGA-910","Semiconductor Cost","2808"
"BYD-ATTO3-TH","AT3-BYD-SGA-910","Corporate SG&A Allocation","2340"
"BYD-ATTO3-TH","AT3-BYD-SGA-910","Financing Cost","1404"
"BYD-ATTO3-TH","AT3-BYD-SGA-910","Risk Reserve","1872"
"BYD-ATTO3-TH","AT3-BYD-SGA-910","ESG/Carbon Cost","936"
"BYD-ATTO3-TH","AT3-BYD-RSK-920","Raw Material Cost","7176"
"BYD-ATTO3-TH","AT3-BYD-RSK-920","Purchased Parts Cost","4368"
"BYD-ATTO3-TH","AT3-BYD-RSK-920","Direct Labor Cost","1872"
"BYD-ATTO3-TH","AT3-BYD-RSK-920","Indirect Labor Cost","936"
"BYD-ATTO3-TH","AT3-BYD-RSK-920","Machine Cost","1560"
"BYD-ATTO3-TH","AT3-BYD-RSK-920","Energy Cost","936"
"BYD-ATTO3-TH","AT3-BYD-RSK-920","Tooling Cost","1248"
"BYD-ATTO3-TH","AT3-BYD-RSK-920","Logistics Cost","1560"
"BYD-ATTO3-TH","AT3-BYD-RSK-920","Import Duty","624"
"BYD-ATTO3-TH","AT3-BYD-RSK-920","Quality Cost","936"
"BYD-ATTO3-TH","AT3-BYD-RSK-920","Warranty Reserve","936"
"BYD-ATTO3-TH","AT3-BYD-RSK-920","R&D Allocation","1560"
"BYD-ATTO3-TH","AT3-BYD-RSK-920","Software Cost","1248"
"BYD-ATTO3-TH","AT3-BYD-RSK-920","Semiconductor Cost","1872"
"BYD-ATTO3-TH","AT3-BYD-RSK-920","Corporate SG&A Allocation","1560"
"BYD-ATTO3-TH","AT3-BYD-RSK-920","Financing Cost","936"
"BYD-ATTO3-TH","AT3-BYD-RSK-920","Risk Reserve","1248"
"BYD-ATTO3-TH","AT3-BYD-RSK-920","ESG/Carbon Cost","624"
"BYD-SEAL-EV-TH","SEA-BYD-BAT-100","Raw Material Cost","73600"
"BYD-SEAL-EV-TH","SEA-BYD-BAT-100","Purchased Parts Cost","44800"
"BYD-SEAL-EV-TH","SEA-BYD-BAT-100","Direct Labor Cost","19200"
"BYD-SEAL-EV-TH","SEA-BYD-BAT-100","Indirect Labor Cost","9600"
"BYD-SEAL-EV-TH","SEA-BYD-BAT-100","Machine Cost","16000"
"BYD-SEAL-EV-TH","SEA-BYD-BAT-100","Energy Cost","9600"
"BYD-SEAL-EV-TH","SEA-BYD-BAT-100","Tooling Cost","12800"
"BYD-SEAL-EV-TH","SEA-BYD-BAT-100","Logistics Cost","16000"
"BYD-SEAL-EV-TH","SEA-BYD-BAT-100","Import Duty","6400"
"BYD-SEAL-EV-TH","SEA-BYD-BAT-100","Quality Cost","9600"
"BYD-SEAL-EV-TH","SEA-BYD-BAT-100","Warranty Reserve","9600"
"BYD-SEAL-EV-TH","SEA-BYD-BAT-100","R&D Allocation","16000"
"BYD-SEAL-EV-TH","SEA-BYD-BAT-100","Software Cost","12800"
"BYD-SEAL-EV-TH","SEA-BYD-BAT-100","Semiconductor Cost","19200"
"BYD-SEAL-EV-TH","SEA-BYD-BAT-100","Corporate SG&A Allocation","16000"
"BYD-SEAL-EV-TH","SEA-BYD-BAT-100","Financing Cost","9600"
"BYD-SEAL-EV-TH","SEA-BYD-BAT-100","Risk Reserve","12800"
"BYD-SEAL-EV-TH","SEA-BYD-BAT-100","ESG/Carbon Cost","6400"
"BYD-SEAL-EV-TH","SEA-BYD-BAT-110","Raw Material Cost","41400"
"BYD-SEAL-EV-TH","SEA-BYD-BAT-110","Purchased Parts Cost","25200"
"BYD-SEAL-EV-TH","SEA-BYD-BAT-110","Direct Labor Cost","10800"
"BYD-SEAL-EV-TH","SEA-BYD-BAT-110","Indirect Labor Cost","5400"
"BYD-SEAL-EV-TH","SEA-BYD-BAT-110","Machine Cost","9000"
"BYD-SEAL-EV-TH","SEA-BYD-BAT-110","Energy Cost","5400"
"BYD-SEAL-EV-TH","SEA-BYD-BAT-110","Tooling Cost","7200"
"BYD-SEAL-EV-TH","SEA-BYD-BAT-110","Logistics Cost","9000"
"BYD-SEAL-EV-TH","SEA-BYD-BAT-110","Import Duty","3600"
"BYD-SEAL-EV-TH","SEA-BYD-BAT-110","Quality Cost","5400"
"BYD-SEAL-EV-TH","SEA-BYD-BAT-110","Warranty Reserve","5400"
"BYD-SEAL-EV-TH","SEA-BYD-BAT-110","R&D Allocation","9000"
"BYD-SEAL-EV-TH","SEA-BYD-BAT-110","Software Cost","7200"
"BYD-SEAL-EV-TH","SEA-BYD-BAT-110","Semiconductor Cost","10800"
"BYD-SEAL-EV-TH","SEA-BYD-BAT-110","Corporate SG&A Allocation","9000"
"BYD-SEAL-EV-TH","SEA-BYD-BAT-110","Financing Cost","5400"
"BYD-SEAL-EV-TH","SEA-BYD-BAT-110","Risk Reserve","7200"
"BYD-SEAL-EV-TH","SEA-BYD-BAT-110","ESG/Carbon Cost","3600"
"BYD-SEAL-EV-TH","SEA-BYD-BAT-120","Raw Material Cost","8740"
"BYD-SEAL-EV-TH","SEA-BYD-BAT-120","Purchased Parts Cost","5320"
"BYD-SEAL-EV-TH","SEA-BYD-BAT-120","Direct Labor Cost","2280"
"BYD-SEAL-EV-TH","SEA-BYD-BAT-120","Indirect Labor Cost","1140"
"BYD-SEAL-EV-TH","SEA-BYD-BAT-120","Machine Cost","1900"
"BYD-SEAL-EV-TH","SEA-BYD-BAT-120","Energy Cost","1140"
"BYD-SEAL-EV-TH","SEA-BYD-BAT-120","Tooling Cost","1520"
"BYD-SEAL-EV-TH","SEA-BYD-BAT-120","Logistics Cost","1900"
"BYD-SEAL-EV-TH","SEA-BYD-BAT-120","Import Duty","760"
"BYD-SEAL-EV-TH","SEA-BYD-BAT-120","Quality Cost","1140"
"BYD-SEAL-EV-TH","SEA-BYD-BAT-120","Warranty Reserve","1140"
"BYD-SEAL-EV-TH","SEA-BYD-BAT-120","R&D Allocation","1900"
"BYD-SEAL-EV-TH","SEA-BYD-BAT-120","Software Cost","1520"
"BYD-SEAL-EV-TH","SEA-BYD-BAT-120","Semiconductor Cost","2280"
"BYD-SEAL-EV-TH","SEA-BYD-BAT-120","Corporate SG&A Allocation","1900"
"BYD-SEAL-EV-TH","SEA-BYD-BAT-120","Financing Cost","1140"
"BYD-SEAL-EV-TH","SEA-BYD-BAT-120","Risk Reserve","1520"
"BYD-SEAL-EV-TH","SEA-BYD-BAT-120","ESG/Carbon Cost","760"
"BYD-SEAL-EV-TH","SEA-BYD-DRV-200","Raw Material Cost","33350"
"BYD-SEAL-EV-TH","SEA-BYD-DRV-200","Purchased Parts Cost","20300"
"BYD-SEAL-EV-TH","SEA-BYD-DRV-200","Direct Labor Cost","8700"
"BYD-SEAL-EV-TH","SEA-BYD-DRV-200","Indirect Labor Cost","4350"
"BYD-SEAL-EV-TH","SEA-BYD-DRV-200","Machine Cost","7250"
"BYD-SEAL-EV-TH","SEA-BYD-DRV-200","Energy Cost","4350"
"BYD-SEAL-EV-TH","SEA-BYD-DRV-200","Tooling Cost","5800"
"BYD-SEAL-EV-TH","SEA-BYD-DRV-200","Logistics Cost","7250"
"BYD-SEAL-EV-TH","SEA-BYD-DRV-200","Import Duty","2900"
"BYD-SEAL-EV-TH","SEA-BYD-DRV-200","Quality Cost","4350"
"BYD-SEAL-EV-TH","SEA-BYD-DRV-200","Warranty Reserve","4350"
"BYD-SEAL-EV-TH","SEA-BYD-DRV-200","R&D Allocation","7250"
"BYD-SEAL-EV-TH","SEA-BYD-DRV-200","Software Cost","5800"
"BYD-SEAL-EV-TH","SEA-BYD-DRV-200","Semiconductor Cost","8700"
"BYD-SEAL-EV-TH","SEA-BYD-DRV-200","Corporate SG&A Allocation","7250"
"BYD-SEAL-EV-TH","SEA-BYD-DRV-200","Financing Cost","4350"
"BYD-SEAL-EV-TH","SEA-BYD-DRV-200","Risk Reserve","5800"
"BYD-SEAL-EV-TH","SEA-BYD-DRV-200","ESG/Carbon Cost","2900"
"BYD-SEAL-EV-TH","SEA-BYD-DRV-210","Raw Material Cost","20700"
"BYD-SEAL-EV-TH","SEA-BYD-DRV-210","Purchased Parts Cost","12600"
"BYD-SEAL-EV-TH","SEA-BYD-DRV-210","Direct Labor Cost","5400"
"BYD-SEAL-EV-TH","SEA-BYD-DRV-210","Indirect Labor Cost","2700"
"BYD-SEAL-EV-TH","SEA-BYD-DRV-210","Machine Cost","4500"
"BYD-SEAL-EV-TH","SEA-BYD-DRV-210","Energy Cost","2700"
"BYD-SEAL-EV-TH","SEA-BYD-DRV-210","Tooling Cost","3600"
"BYD-SEAL-EV-TH","SEA-BYD-DRV-210","Logistics Cost","4500"
"BYD-SEAL-EV-TH","SEA-BYD-DRV-210","Import Duty","1800"
"BYD-SEAL-EV-TH","SEA-BYD-DRV-210","Quality Cost","2700"
"BYD-SEAL-EV-TH","SEA-BYD-DRV-210","Warranty Reserve","2700"
"BYD-SEAL-EV-TH","SEA-BYD-DRV-210","R&D Allocation","4500"
"BYD-SEAL-EV-TH","SEA-BYD-DRV-210","Software Cost","3600"
"BYD-SEAL-EV-TH","SEA-BYD-DRV-210","Semiconductor Cost","5400"
"BYD-SEAL-EV-TH","SEA-BYD-DRV-210","Corporate SG&A Allocation","4500"
"BYD-SEAL-EV-TH","SEA-BYD-DRV-210","Financing Cost","2700"
"BYD-SEAL-EV-TH","SEA-BYD-DRV-210","Risk Reserve","3600"
"BYD-SEAL-EV-TH","SEA-BYD-DRV-210","ESG/Carbon Cost","1800"
"BYD-SEAL-EV-TH","SEA-BYD-DRV-220","Raw Material Cost","14950"
"BYD-SEAL-EV-TH","SEA-BYD-DRV-220","Purchased Parts Cost","9100"
"BYD-SEAL-EV-TH","SEA-BYD-DRV-220","Direct Labor Cost","3900"
"BYD-SEAL-EV-TH","SEA-BYD-DRV-220","Indirect Labor Cost","1950"
"BYD-SEAL-EV-TH","SEA-BYD-DRV-220","Machine Cost","3250"
"BYD-SEAL-EV-TH","SEA-BYD-DRV-220","Energy Cost","1950"
"BYD-SEAL-EV-TH","SEA-BYD-DRV-220","Tooling Cost","2600"
"BYD-SEAL-EV-TH","SEA-BYD-DRV-220","Logistics Cost","3250"
"BYD-SEAL-EV-TH","SEA-BYD-DRV-220","Import Duty","1300"
"BYD-SEAL-EV-TH","SEA-BYD-DRV-220","Quality Cost","1950"
"BYD-SEAL-EV-TH","SEA-BYD-DRV-220","Warranty Reserve","1950"
"BYD-SEAL-EV-TH","SEA-BYD-DRV-220","R&D Allocation","3250"
"BYD-SEAL-EV-TH","SEA-BYD-DRV-220","Software Cost","2600"
"BYD-SEAL-EV-TH","SEA-BYD-DRV-220","Semiconductor Cost","3900"
"BYD-SEAL-EV-TH","SEA-BYD-DRV-220","Corporate SG&A Allocation","3250"
"BYD-SEAL-EV-TH","SEA-BYD-DRV-220","Financing Cost","1950"
"BYD-SEAL-EV-TH","SEA-BYD-DRV-220","Risk Reserve","2600"
"BYD-SEAL-EV-TH","SEA-BYD-DRV-220","ESG/Carbon Cost","1300"
"BYD-SEAL-EV-TH","SEA-BYD-BDY-300","Raw Material Cost","29900"
"BYD-SEAL-EV-TH","SEA-BYD-BDY-300","Purchased Parts Cost","18200"
"BYD-SEAL-EV-TH","SEA-BYD-BDY-300","Direct Labor Cost","7800"
"BYD-SEAL-EV-TH","SEA-BYD-BDY-300","Indirect Labor Cost","3900"
"BYD-SEAL-EV-TH","SEA-BYD-BDY-300","Machine Cost","6500"
"BYD-SEAL-EV-TH","SEA-BYD-BDY-300","Energy Cost","3900"
"BYD-SEAL-EV-TH","SEA-BYD-BDY-300","Tooling Cost","5200"
"BYD-SEAL-EV-TH","SEA-BYD-BDY-300","Logistics Cost","6500"
"BYD-SEAL-EV-TH","SEA-BYD-BDY-300","Import Duty","2600"
"BYD-SEAL-EV-TH","SEA-BYD-BDY-300","Quality Cost","3900"
"BYD-SEAL-EV-TH","SEA-BYD-BDY-300","Warranty Reserve","3900"
"BYD-SEAL-EV-TH","SEA-BYD-BDY-300","R&D Allocation","6500"
"BYD-SEAL-EV-TH","SEA-BYD-BDY-300","Software Cost","5200"
"BYD-SEAL-EV-TH","SEA-BYD-BDY-300","Semiconductor Cost","7800"
"BYD-SEAL-EV-TH","SEA-BYD-BDY-300","Corporate SG&A Allocation","6500"
"BYD-SEAL-EV-TH","SEA-BYD-BDY-300","Financing Cost","3900"
"BYD-SEAL-EV-TH","SEA-BYD-BDY-300","Risk Reserve","5200"
"BYD-SEAL-EV-TH","SEA-BYD-BDY-300","ESG/Carbon Cost","2600"
"BYD-SEAL-EV-TH","SEA-BYD-BDY-310","Raw Material Cost","14260"
"BYD-SEAL-EV-TH","SEA-BYD-BDY-310","Purchased Parts Cost","8680"
"BYD-SEAL-EV-TH","SEA-BYD-BDY-310","Direct Labor Cost","3720"
"BYD-SEAL-EV-TH","SEA-BYD-BDY-310","Indirect Labor Cost","1860"
"BYD-SEAL-EV-TH","SEA-BYD-BDY-310","Machine Cost","3100"
"BYD-SEAL-EV-TH","SEA-BYD-BDY-310","Energy Cost","1860"
"BYD-SEAL-EV-TH","SEA-BYD-BDY-310","Tooling Cost","2480"
"BYD-SEAL-EV-TH","SEA-BYD-BDY-310","Logistics Cost","3100"
"BYD-SEAL-EV-TH","SEA-BYD-BDY-310","Import Duty","1240"
"BYD-SEAL-EV-TH","SEA-BYD-BDY-310","Quality Cost","1860"
"BYD-SEAL-EV-TH","SEA-BYD-BDY-310","Warranty Reserve","1860"
"BYD-SEAL-EV-TH","SEA-BYD-BDY-310","R&D Allocation","3100"
"BYD-SEAL-EV-TH","SEA-BYD-BDY-310","Software Cost","2480"
"BYD-SEAL-EV-TH","SEA-BYD-BDY-310","Semiconductor Cost","3720"
"BYD-SEAL-EV-TH","SEA-BYD-BDY-310","Corporate SG&A Allocation","3100"
"BYD-SEAL-EV-TH","SEA-BYD-BDY-310","Financing Cost","1860"
"BYD-SEAL-EV-TH","SEA-BYD-BDY-310","Risk Reserve","2480"
"BYD-SEAL-EV-TH","SEA-BYD-BDY-310","ESG/Carbon Cost","1240"
"BYD-SEAL-EV-TH","SEA-BYD-BDY-320","Raw Material Cost","18630"
"BYD-SEAL-EV-TH","SEA-BYD-BDY-320","Purchased Parts Cost","11340"
"BYD-SEAL-EV-TH","SEA-BYD-BDY-320","Direct Labor Cost","4860"
"BYD-SEAL-EV-TH","SEA-BYD-BDY-320","Indirect Labor Cost","2430"
"BYD-SEAL-EV-TH","SEA-BYD-BDY-320","Machine Cost","4050"
"BYD-SEAL-EV-TH","SEA-BYD-BDY-320","Energy Cost","2430"
"BYD-SEAL-EV-TH","SEA-BYD-BDY-320","Tooling Cost","3240"
"BYD-SEAL-EV-TH","SEA-BYD-BDY-320","Logistics Cost","4050"
"BYD-SEAL-EV-TH","SEA-BYD-BDY-320","Import Duty","1620"
"BYD-SEAL-EV-TH","SEA-BYD-BDY-320","Quality Cost","2430"
"BYD-SEAL-EV-TH","SEA-BYD-BDY-320","Warranty Reserve","2430"
"BYD-SEAL-EV-TH","SEA-BYD-BDY-320","R&D Allocation","4050"
"BYD-SEAL-EV-TH","SEA-BYD-BDY-320","Software Cost","3240"
"BYD-SEAL-EV-TH","SEA-BYD-BDY-320","Semiconductor Cost","4860"
"BYD-SEAL-EV-TH","SEA-BYD-BDY-320","Corporate SG&A Allocation","4050"
"BYD-SEAL-EV-TH","SEA-BYD-BDY-320","Financing Cost","2430"
"BYD-SEAL-EV-TH","SEA-BYD-BDY-320","Risk Reserve","3240"
"BYD-SEAL-EV-TH","SEA-BYD-BDY-320","ESG/Carbon Cost","1620"
"BYD-SEAL-EV-TH","SEA-BYD-INT-400","Raw Material Cost","19550"
"BYD-SEAL-EV-TH","SEA-BYD-INT-400","Purchased Parts Cost","11900"
"BYD-SEAL-EV-TH","SEA-BYD-INT-400","Direct Labor Cost","5100"
"BYD-SEAL-EV-TH","SEA-BYD-INT-400","Indirect Labor Cost","2550"
"BYD-SEAL-EV-TH","SEA-BYD-INT-400","Machine Cost","4250"
"BYD-SEAL-EV-TH","SEA-BYD-INT-400","Energy Cost","2550"
"BYD-SEAL-EV-TH","SEA-BYD-INT-400","Tooling Cost","3400"
"BYD-SEAL-EV-TH","SEA-BYD-INT-400","Logistics Cost","4250"
"BYD-SEAL-EV-TH","SEA-BYD-INT-400","Import Duty","1700"
"BYD-SEAL-EV-TH","SEA-BYD-INT-400","Quality Cost","2550"
"BYD-SEAL-EV-TH","SEA-BYD-INT-400","Warranty Reserve","2550"
"BYD-SEAL-EV-TH","SEA-BYD-INT-400","R&D Allocation","4250"
"BYD-SEAL-EV-TH","SEA-BYD-INT-400","Software Cost","3400"
"BYD-SEAL-EV-TH","SEA-BYD-INT-400","Semiconductor Cost","5100"
"BYD-SEAL-EV-TH","SEA-BYD-INT-400","Corporate SG&A Allocation","4250"
"BYD-SEAL-EV-TH","SEA-BYD-INT-400","Financing Cost","2550"
"BYD-SEAL-EV-TH","SEA-BYD-INT-400","Risk Reserve","3400"
"BYD-SEAL-EV-TH","SEA-BYD-INT-400","ESG/Carbon Cost","1700"
"BYD-SEAL-EV-TH","SEA-BYD-ELC-500","Raw Material Cost","25300"
"BYD-SEAL-EV-TH","SEA-BYD-ELC-500","Purchased Parts Cost","15400"
"BYD-SEAL-EV-TH","SEA-BYD-ELC-500","Direct Labor Cost","6600"
"BYD-SEAL-EV-TH","SEA-BYD-ELC-500","Indirect Labor Cost","3300"
"BYD-SEAL-EV-TH","SEA-BYD-ELC-500","Machine Cost","5500"
"BYD-SEAL-EV-TH","SEA-BYD-ELC-500","Energy Cost","3300"
"BYD-SEAL-EV-TH","SEA-BYD-ELC-500","Tooling Cost","4400"
"BYD-SEAL-EV-TH","SEA-BYD-ELC-500","Logistics Cost","5500"
"BYD-SEAL-EV-TH","SEA-BYD-ELC-500","Import Duty","2200"
"BYD-SEAL-EV-TH","SEA-BYD-ELC-500","Quality Cost","3300"
"BYD-SEAL-EV-TH","SEA-BYD-ELC-500","Warranty Reserve","3300"
"BYD-SEAL-EV-TH","SEA-BYD-ELC-500","R&D Allocation","5500"
"BYD-SEAL-EV-TH","SEA-BYD-ELC-500","Software Cost","4400"
"BYD-SEAL-EV-TH","SEA-BYD-ELC-500","Semiconductor Cost","6600"
"BYD-SEAL-EV-TH","SEA-BYD-ELC-500","Corporate SG&A Allocation","5500"
"BYD-SEAL-EV-TH","SEA-BYD-ELC-500","Financing Cost","3300"
"BYD-SEAL-EV-TH","SEA-BYD-ELC-500","Risk Reserve","4400"
"BYD-SEAL-EV-TH","SEA-BYD-ELC-500","ESG/Carbon Cost","2200"
"BYD-SEAL-EV-TH","SEA-BYD-ELC-510","Raw Material Cost","17250"
"BYD-SEAL-EV-TH","SEA-BYD-ELC-510","Purchased Parts Cost","10500"
"BYD-SEAL-EV-TH","SEA-BYD-ELC-510","Direct Labor Cost","4500"
"BYD-SEAL-EV-TH","SEA-BYD-ELC-510","Indirect Labor Cost","2250"
"BYD-SEAL-EV-TH","SEA-BYD-ELC-510","Machine Cost","3750"
"BYD-SEAL-EV-TH","SEA-BYD-ELC-510","Energy Cost","2250"
"BYD-SEAL-EV-TH","SEA-BYD-ELC-510","Tooling Cost","3000"
"BYD-SEAL-EV-TH","SEA-BYD-ELC-510","Logistics Cost","3750"
"BYD-SEAL-EV-TH","SEA-BYD-ELC-510","Import Duty","1500"
"BYD-SEAL-EV-TH","SEA-BYD-ELC-510","Quality Cost","2250"
"BYD-SEAL-EV-TH","SEA-BYD-ELC-510","Warranty Reserve","2250"
"BYD-SEAL-EV-TH","SEA-BYD-ELC-510","R&D Allocation","3750"
"BYD-SEAL-EV-TH","SEA-BYD-ELC-510","Software Cost","3000"
"BYD-SEAL-EV-TH","SEA-BYD-ELC-510","Semiconductor Cost","4500"
"BYD-SEAL-EV-TH","SEA-BYD-ELC-510","Corporate SG&A Allocation","3750"
"BYD-SEAL-EV-TH","SEA-BYD-ELC-510","Financing Cost","2250"
"BYD-SEAL-EV-TH","SEA-BYD-ELC-510","Risk Reserve","3000"
"BYD-SEAL-EV-TH","SEA-BYD-ELC-510","ESG/Carbon Cost","1500"
"BYD-SEAL-EV-TH","SEA-BYD-MFG-600","Raw Material Cost","18400"
"BYD-SEAL-EV-TH","SEA-BYD-MFG-600","Purchased Parts Cost","11200"
"BYD-SEAL-EV-TH","SEA-BYD-MFG-600","Direct Labor Cost","4800"
"BYD-SEAL-EV-TH","SEA-BYD-MFG-600","Indirect Labor Cost","2400"
"BYD-SEAL-EV-TH","SEA-BYD-MFG-600","Machine Cost","4000"
"BYD-SEAL-EV-TH","SEA-BYD-MFG-600","Energy Cost","2400"
"BYD-SEAL-EV-TH","SEA-BYD-MFG-600","Tooling Cost","3200"
"BYD-SEAL-EV-TH","SEA-BYD-MFG-600","Logistics Cost","4000"
"BYD-SEAL-EV-TH","SEA-BYD-MFG-600","Import Duty","1600"
"BYD-SEAL-EV-TH","SEA-BYD-MFG-600","Quality Cost","2400"
"BYD-SEAL-EV-TH","SEA-BYD-MFG-600","Warranty Reserve","2400"
"BYD-SEAL-EV-TH","SEA-BYD-MFG-600","R&D Allocation","4000"
"BYD-SEAL-EV-TH","SEA-BYD-MFG-600","Software Cost","3200"
"BYD-SEAL-EV-TH","SEA-BYD-MFG-600","Semiconductor Cost","4800"
"BYD-SEAL-EV-TH","SEA-BYD-MFG-600","Corporate SG&A Allocation","4000"
"BYD-SEAL-EV-TH","SEA-BYD-MFG-600","Financing Cost","2400"
"BYD-SEAL-EV-TH","SEA-BYD-MFG-600","Risk Reserve","3200"
"BYD-SEAL-EV-TH","SEA-BYD-MFG-600","ESG/Carbon Cost","1600"
"BYD-SEAL-EV-TH","SEA-BYD-LOG-700","Raw Material Cost","11500"
"BYD-SEAL-EV-TH","SEA-BYD-LOG-700","Purchased Parts Cost","7000"
"BYD-SEAL-EV-TH","SEA-BYD-LOG-700","Direct Labor Cost","3000"
"BYD-SEAL-EV-TH","SEA-BYD-LOG-700","Indirect Labor Cost","1500"
"BYD-SEAL-EV-TH","SEA-BYD-LOG-700","Machine Cost","2500"
"BYD-SEAL-EV-TH","SEA-BYD-LOG-700","Energy Cost","1500"
"BYD-SEAL-EV-TH","SEA-BYD-LOG-700","Tooling Cost","2000"
"BYD-SEAL-EV-TH","SEA-BYD-LOG-700","Logistics Cost","2500"
"BYD-SEAL-EV-TH","SEA-BYD-LOG-700","Import Duty","1000"
"BYD-SEAL-EV-TH","SEA-BYD-LOG-700","Quality Cost","1500"
"BYD-SEAL-EV-TH","SEA-BYD-LOG-700","Warranty Reserve","1500"
"BYD-SEAL-EV-TH","SEA-BYD-LOG-700","R&D Allocation","2500"
"BYD-SEAL-EV-TH","SEA-BYD-LOG-700","Software Cost","2000"
"BYD-SEAL-EV-TH","SEA-BYD-LOG-700","Semiconductor Cost","3000"
"BYD-SEAL-EV-TH","SEA-BYD-LOG-700","Corporate SG&A Allocation","2500"
"BYD-SEAL-EV-TH","SEA-BYD-LOG-700","Financing Cost","1500"
"BYD-SEAL-EV-TH","SEA-BYD-LOG-700","Risk Reserve","2000"
"BYD-SEAL-EV-TH","SEA-BYD-LOG-700","ESG/Carbon Cost","1000"
"BYD-SEAL-EV-TH","SEA-BYD-QLT-800","Raw Material Cost","12650"
"BYD-SEAL-EV-TH","SEA-BYD-QLT-800","Purchased Parts Cost","7700"
"BYD-SEAL-EV-TH","SEA-BYD-QLT-800","Direct Labor Cost","3300"
"BYD-SEAL-EV-TH","SEA-BYD-QLT-800","Indirect Labor Cost","1650"
"BYD-SEAL-EV-TH","SEA-BYD-QLT-800","Machine Cost","2750"
"BYD-SEAL-EV-TH","SEA-BYD-QLT-800","Energy Cost","1650"
"BYD-SEAL-EV-TH","SEA-BYD-QLT-800","Tooling Cost","2200"
"BYD-SEAL-EV-TH","SEA-BYD-QLT-800","Logistics Cost","2750"
"BYD-SEAL-EV-TH","SEA-BYD-QLT-800","Import Duty","1100"
"BYD-SEAL-EV-TH","SEA-BYD-QLT-800","Quality Cost","1650"
"BYD-SEAL-EV-TH","SEA-BYD-QLT-800","Warranty Reserve","1650"
"BYD-SEAL-EV-TH","SEA-BYD-QLT-800","R&D Allocation","2750"
"BYD-SEAL-EV-TH","SEA-BYD-QLT-800","Software Cost","2200"
"BYD-SEAL-EV-TH","SEA-BYD-QLT-800","Semiconductor Cost","3300"
"BYD-SEAL-EV-TH","SEA-BYD-QLT-800","Corporate SG&A Allocation","2750"
"BYD-SEAL-EV-TH","SEA-BYD-QLT-800","Financing Cost","1650"
"BYD-SEAL-EV-TH","SEA-BYD-QLT-800","Risk Reserve","2200"
"BYD-SEAL-EV-TH","SEA-BYD-QLT-800","ESG/Carbon Cost","1100"
"BYD-SEAL-EV-TH","SEA-BYD-RND-900","Raw Material Cost","16100"
"BYD-SEAL-EV-TH","SEA-BYD-RND-900","Purchased Parts Cost","9800"
"BYD-SEAL-EV-TH","SEA-BYD-RND-900","Direct Labor Cost","4200"
"BYD-SEAL-EV-TH","SEA-BYD-RND-900","Indirect Labor Cost","2100"
"BYD-SEAL-EV-TH","SEA-BYD-RND-900","Machine Cost","3500"
"BYD-SEAL-EV-TH","SEA-BYD-RND-900","Energy Cost","2100"
"BYD-SEAL-EV-TH","SEA-BYD-RND-900","Tooling Cost","2800"
"BYD-SEAL-EV-TH","SEA-BYD-RND-900","Logistics Cost","3500"
"BYD-SEAL-EV-TH","SEA-BYD-RND-900","Import Duty","1400"
"BYD-SEAL-EV-TH","SEA-BYD-RND-900","Quality Cost","2100"
"BYD-SEAL-EV-TH","SEA-BYD-RND-900","Warranty Reserve","2100"
"BYD-SEAL-EV-TH","SEA-BYD-RND-900","R&D Allocation","3500"
"BYD-SEAL-EV-TH","SEA-BYD-RND-900","Software Cost","2800"
"BYD-SEAL-EV-TH","SEA-BYD-RND-900","Semiconductor Cost","4200"
"BYD-SEAL-EV-TH","SEA-BYD-RND-900","Corporate SG&A Allocation","3500"
"BYD-SEAL-EV-TH","SEA-BYD-RND-900","Financing Cost","2100"
"BYD-SEAL-EV-TH","SEA-BYD-RND-900","Risk Reserve","2800"
"BYD-SEAL-EV-TH","SEA-BYD-RND-900","ESG/Carbon Cost","1400"
"BYD-SEAL-EV-TH","SEA-BYD-SGA-910","Raw Material Cost","13800"
"BYD-SEAL-EV-TH","SEA-BYD-SGA-910","Purchased Parts Cost","8400"
"BYD-SEAL-EV-TH","SEA-BYD-SGA-910","Direct Labor Cost","3600"
"BYD-SEAL-EV-TH","SEA-BYD-SGA-910","Indirect Labor Cost","1800"
"BYD-SEAL-EV-TH","SEA-BYD-SGA-910","Machine Cost","3000"
"BYD-SEAL-EV-TH","SEA-BYD-SGA-910","Energy Cost","1800"
"BYD-SEAL-EV-TH","SEA-BYD-SGA-910","Tooling Cost","2400"
"BYD-SEAL-EV-TH","SEA-BYD-SGA-910","Logistics Cost","3000"
"BYD-SEAL-EV-TH","SEA-BYD-SGA-910","Import Duty","1200"
"BYD-SEAL-EV-TH","SEA-BYD-SGA-910","Quality Cost","1800"
"BYD-SEAL-EV-TH","SEA-BYD-SGA-910","Warranty Reserve","1800"
"BYD-SEAL-EV-TH","SEA-BYD-SGA-910","R&D Allocation","3000"
"BYD-SEAL-EV-TH","SEA-BYD-SGA-910","Software Cost","2400"
"BYD-SEAL-EV-TH","SEA-BYD-SGA-910","Semiconductor Cost","3600"
"BYD-SEAL-EV-TH","SEA-BYD-SGA-910","Corporate SG&A Allocation","3000"
"BYD-SEAL-EV-TH","SEA-BYD-SGA-910","Financing Cost","1800"
"BYD-SEAL-EV-TH","SEA-BYD-SGA-910","Risk Reserve","2400"
"BYD-SEAL-EV-TH","SEA-BYD-SGA-910","ESG/Carbon Cost","1200"
"BYD-SEAL-EV-TH","SEA-BYD-RSK-920","Raw Material Cost","9200"
"BYD-SEAL-EV-TH","SEA-BYD-RSK-920","Purchased Parts Cost","5600"
"BYD-SEAL-EV-TH","SEA-BYD-RSK-920","Direct Labor Cost","2400"
"BYD-SEAL-EV-TH","SEA-BYD-RSK-920","Indirect Labor Cost","1200"
"BYD-SEAL-EV-TH","SEA-BYD-RSK-920","Machine Cost","2000"
"BYD-SEAL-EV-TH","SEA-BYD-RSK-920","Energy Cost","1200"
"BYD-SEAL-EV-TH","SEA-BYD-RSK-920","Tooling Cost","1600"
"BYD-SEAL-EV-TH","SEA-BYD-RSK-920","Logistics Cost","2000"
"BYD-SEAL-EV-TH","SEA-BYD-RSK-920","Import Duty","800"
"BYD-SEAL-EV-TH","SEA-BYD-RSK-920","Quality Cost","1200"
"BYD-SEAL-EV-TH","SEA-BYD-RSK-920","Warranty Reserve","1200"
"BYD-SEAL-EV-TH","SEA-BYD-RSK-920","R&D Allocation","2000"
"BYD-SEAL-EV-TH","SEA-BYD-RSK-920","Software Cost","1600"
"BYD-SEAL-EV-TH","SEA-BYD-RSK-920","Semiconductor Cost","2400"
"BYD-SEAL-EV-TH","SEA-BYD-RSK-920","Corporate SG&A Allocation","2000"
"BYD-SEAL-EV-TH","SEA-BYD-RSK-920","Financing Cost","1200"
"BYD-SEAL-EV-TH","SEA-BYD-RSK-920","Risk Reserve","1600"
"BYD-SEAL-EV-TH","SEA-BYD-RSK-920","ESG/Carbon Cost","800"
"BYD-SEALION6-TH","SL6-BYD-BAT-100","Raw Material Cost","66240"
"BYD-SEALION6-TH","SL6-BYD-BAT-100","Purchased Parts Cost","40320"
"BYD-SEALION6-TH","SL6-BYD-BAT-100","Direct Labor Cost","17280"
"BYD-SEALION6-TH","SL6-BYD-BAT-100","Indirect Labor Cost","8640"
"BYD-SEALION6-TH","SL6-BYD-BAT-100","Machine Cost","14400"
"BYD-SEALION6-TH","SL6-BYD-BAT-100","Energy Cost","8640"
"BYD-SEALION6-TH","SL6-BYD-BAT-100","Tooling Cost","11520"
"BYD-SEALION6-TH","SL6-BYD-BAT-100","Logistics Cost","14400"
"BYD-SEALION6-TH","SL6-BYD-BAT-100","Import Duty","5760"
"BYD-SEALION6-TH","SL6-BYD-BAT-100","Quality Cost","8640"
"BYD-SEALION6-TH","SL6-BYD-BAT-100","Warranty Reserve","8640"
"BYD-SEALION6-TH","SL6-BYD-BAT-100","R&D Allocation","14400"
"BYD-SEALION6-TH","SL6-BYD-BAT-100","Software Cost","11520"
"BYD-SEALION6-TH","SL6-BYD-BAT-100","Semiconductor Cost","17280"
"BYD-SEALION6-TH","SL6-BYD-BAT-100","Corporate SG&A Allocation","14400"
"BYD-SEALION6-TH","SL6-BYD-BAT-100","Financing Cost","8640"
"BYD-SEALION6-TH","SL6-BYD-BAT-100","Risk Reserve","11520"
"BYD-SEALION6-TH","SL6-BYD-BAT-100","ESG/Carbon Cost","5760"
"BYD-SEALION6-TH","SL6-BYD-BAT-110","Raw Material Cost","37260"
"BYD-SEALION6-TH","SL6-BYD-BAT-110","Purchased Parts Cost","22680"
"BYD-SEALION6-TH","SL6-BYD-BAT-110","Direct Labor Cost","9720"
"BYD-SEALION6-TH","SL6-BYD-BAT-110","Indirect Labor Cost","4860"
"BYD-SEALION6-TH","SL6-BYD-BAT-110","Machine Cost","8100"
"BYD-SEALION6-TH","SL6-BYD-BAT-110","Energy Cost","4860"
"BYD-SEALION6-TH","SL6-BYD-BAT-110","Tooling Cost","6480"
"BYD-SEALION6-TH","SL6-BYD-BAT-110","Logistics Cost","8100"
"BYD-SEALION6-TH","SL6-BYD-BAT-110","Import Duty","3240"
"BYD-SEALION6-TH","SL6-BYD-BAT-110","Quality Cost","4860"
"BYD-SEALION6-TH","SL6-BYD-BAT-110","Warranty Reserve","4860"
"BYD-SEALION6-TH","SL6-BYD-BAT-110","R&D Allocation","8100"
"BYD-SEALION6-TH","SL6-BYD-BAT-110","Software Cost","6480"
"BYD-SEALION6-TH","SL6-BYD-BAT-110","Semiconductor Cost","9720"
"BYD-SEALION6-TH","SL6-BYD-BAT-110","Corporate SG&A Allocation","8100"
"BYD-SEALION6-TH","SL6-BYD-BAT-110","Financing Cost","4860"
"BYD-SEALION6-TH","SL6-BYD-BAT-110","Risk Reserve","6480"
"BYD-SEALION6-TH","SL6-BYD-BAT-110","ESG/Carbon Cost","3240"
"BYD-SEALION6-TH","SL6-BYD-BAT-120","Raw Material Cost","7866"
"BYD-SEALION6-TH","SL6-BYD-BAT-120","Purchased Parts Cost","4788"
"BYD-SEALION6-TH","SL6-BYD-BAT-120","Direct Labor Cost","2052"
"BYD-SEALION6-TH","SL6-BYD-BAT-120","Indirect Labor Cost","1026"
"BYD-SEALION6-TH","SL6-BYD-BAT-120","Machine Cost","1710"
"BYD-SEALION6-TH","SL6-BYD-BAT-120","Energy Cost","1026"
"BYD-SEALION6-TH","SL6-BYD-BAT-120","Tooling Cost","1368"
"BYD-SEALION6-TH","SL6-BYD-BAT-120","Logistics Cost","1710"
"BYD-SEALION6-TH","SL6-BYD-BAT-120","Import Duty","684"
"BYD-SEALION6-TH","SL6-BYD-BAT-120","Quality Cost","1026"
"BYD-SEALION6-TH","SL6-BYD-BAT-120","Warranty Reserve","1026"
"BYD-SEALION6-TH","SL6-BYD-BAT-120","R&D Allocation","1710"
"BYD-SEALION6-TH","SL6-BYD-BAT-120","Software Cost","1368"
"BYD-SEALION6-TH","SL6-BYD-BAT-120","Semiconductor Cost","2052"
"BYD-SEALION6-TH","SL6-BYD-BAT-120","Corporate SG&A Allocation","1710"
"BYD-SEALION6-TH","SL6-BYD-BAT-120","Financing Cost","1026"
"BYD-SEALION6-TH","SL6-BYD-BAT-120","Risk Reserve","1368"
"BYD-SEALION6-TH","SL6-BYD-BAT-120","ESG/Carbon Cost","684"
"BYD-SEALION6-TH","SL6-BYD-DRV-200","Raw Material Cost","30015"
"BYD-SEALION6-TH","SL6-BYD-DRV-200","Purchased Parts Cost","18270"
"BYD-SEALION6-TH","SL6-BYD-DRV-200","Direct Labor Cost","7830"
"BYD-SEALION6-TH","SL6-BYD-DRV-200","Indirect Labor Cost","3915"
"BYD-SEALION6-TH","SL6-BYD-DRV-200","Machine Cost","6525"
"BYD-SEALION6-TH","SL6-BYD-DRV-200","Energy Cost","3915"
"BYD-SEALION6-TH","SL6-BYD-DRV-200","Tooling Cost","5220"
"BYD-SEALION6-TH","SL6-BYD-DRV-200","Logistics Cost","6525"
"BYD-SEALION6-TH","SL6-BYD-DRV-200","Import Duty","2610"
"BYD-SEALION6-TH","SL6-BYD-DRV-200","Quality Cost","3915"
"BYD-SEALION6-TH","SL6-BYD-DRV-200","Warranty Reserve","3915"
"BYD-SEALION6-TH","SL6-BYD-DRV-200","R&D Allocation","6525"
"BYD-SEALION6-TH","SL6-BYD-DRV-200","Software Cost","5220"
"BYD-SEALION6-TH","SL6-BYD-DRV-200","Semiconductor Cost","7830"
"BYD-SEALION6-TH","SL6-BYD-DRV-200","Corporate SG&A Allocation","6525"
"BYD-SEALION6-TH","SL6-BYD-DRV-200","Financing Cost","3915"
"BYD-SEALION6-TH","SL6-BYD-DRV-200","Risk Reserve","5220"
"BYD-SEALION6-TH","SL6-BYD-DRV-200","ESG/Carbon Cost","2610"
"BYD-SEALION6-TH","SL6-BYD-DRV-210","Raw Material Cost","18630"
"BYD-SEALION6-TH","SL6-BYD-DRV-210","Purchased Parts Cost","11340"
"BYD-SEALION6-TH","SL6-BYD-DRV-210","Direct Labor Cost","4860"
"BYD-SEALION6-TH","SL6-BYD-DRV-210","Indirect Labor Cost","2430"
"BYD-SEALION6-TH","SL6-BYD-DRV-210","Machine Cost","4050"
"BYD-SEALION6-TH","SL6-BYD-DRV-210","Energy Cost","2430"
"BYD-SEALION6-TH","SL6-BYD-DRV-210","Tooling Cost","3240"
"BYD-SEALION6-TH","SL6-BYD-DRV-210","Logistics Cost","4050"
"BYD-SEALION6-TH","SL6-BYD-DRV-210","Import Duty","1620"
"BYD-SEALION6-TH","SL6-BYD-DRV-210","Quality Cost","2430"
"BYD-SEALION6-TH","SL6-BYD-DRV-210","Warranty Reserve","2430"
"BYD-SEALION6-TH","SL6-BYD-DRV-210","R&D Allocation","4050"
"BYD-SEALION6-TH","SL6-BYD-DRV-210","Software Cost","3240"
"BYD-SEALION6-TH","SL6-BYD-DRV-210","Semiconductor Cost","4860"
"BYD-SEALION6-TH","SL6-BYD-DRV-210","Corporate SG&A Allocation","4050"
"BYD-SEALION6-TH","SL6-BYD-DRV-210","Financing Cost","2430"
"BYD-SEALION6-TH","SL6-BYD-DRV-210","Risk Reserve","3240"
"BYD-SEALION6-TH","SL6-BYD-DRV-210","ESG/Carbon Cost","1620"
"BYD-SEALION6-TH","SL6-BYD-DRV-220","Raw Material Cost","13455"
"BYD-SEALION6-TH","SL6-BYD-DRV-220","Purchased Parts Cost","8190"
"BYD-SEALION6-TH","SL6-BYD-DRV-220","Direct Labor Cost","3510"
"BYD-SEALION6-TH","SL6-BYD-DRV-220","Indirect Labor Cost","1755"
"BYD-SEALION6-TH","SL6-BYD-DRV-220","Machine Cost","2925"
"BYD-SEALION6-TH","SL6-BYD-DRV-220","Energy Cost","1755"
"BYD-SEALION6-TH","SL6-BYD-DRV-220","Tooling Cost","2340"
"BYD-SEALION6-TH","SL6-BYD-DRV-220","Logistics Cost","2925"
"BYD-SEALION6-TH","SL6-BYD-DRV-220","Import Duty","1170"
"BYD-SEALION6-TH","SL6-BYD-DRV-220","Quality Cost","1755"
"BYD-SEALION6-TH","SL6-BYD-DRV-220","Warranty Reserve","1755"
"BYD-SEALION6-TH","SL6-BYD-DRV-220","R&D Allocation","2925"
"BYD-SEALION6-TH","SL6-BYD-DRV-220","Software Cost","2340"
"BYD-SEALION6-TH","SL6-BYD-DRV-220","Semiconductor Cost","3510"
"BYD-SEALION6-TH","SL6-BYD-DRV-220","Corporate SG&A Allocation","2925"
"BYD-SEALION6-TH","SL6-BYD-DRV-220","Financing Cost","1755"
"BYD-SEALION6-TH","SL6-BYD-DRV-220","Risk Reserve","2340"
"BYD-SEALION6-TH","SL6-BYD-DRV-220","ESG/Carbon Cost","1170"
"BYD-SEALION6-TH","SL6-BYD-BDY-300","Raw Material Cost","26910"
"BYD-SEALION6-TH","SL6-BYD-BDY-300","Purchased Parts Cost","16380"
"BYD-SEALION6-TH","SL6-BYD-BDY-300","Direct Labor Cost","7020"
"BYD-SEALION6-TH","SL6-BYD-BDY-300","Indirect Labor Cost","3510"
"BYD-SEALION6-TH","SL6-BYD-BDY-300","Machine Cost","5850"
"BYD-SEALION6-TH","SL6-BYD-BDY-300","Energy Cost","3510"
"BYD-SEALION6-TH","SL6-BYD-BDY-300","Tooling Cost","4680"
"BYD-SEALION6-TH","SL6-BYD-BDY-300","Logistics Cost","5850"
"BYD-SEALION6-TH","SL6-BYD-BDY-300","Import Duty","2340"
"BYD-SEALION6-TH","SL6-BYD-BDY-300","Quality Cost","3510"
"BYD-SEALION6-TH","SL6-BYD-BDY-300","Warranty Reserve","3510"
"BYD-SEALION6-TH","SL6-BYD-BDY-300","R&D Allocation","5850"
"BYD-SEALION6-TH","SL6-BYD-BDY-300","Software Cost","4680"
"BYD-SEALION6-TH","SL6-BYD-BDY-300","Semiconductor Cost","7020"
"BYD-SEALION6-TH","SL6-BYD-BDY-300","Corporate SG&A Allocation","5850"
"BYD-SEALION6-TH","SL6-BYD-BDY-300","Financing Cost","3510"
"BYD-SEALION6-TH","SL6-BYD-BDY-300","Risk Reserve","4680"
"BYD-SEALION6-TH","SL6-BYD-BDY-300","ESG/Carbon Cost","2340"
"BYD-SEALION6-TH","SL6-BYD-BDY-310","Raw Material Cost","12834"
"BYD-SEALION6-TH","SL6-BYD-BDY-310","Purchased Parts Cost","7812"
"BYD-SEALION6-TH","SL6-BYD-BDY-310","Direct Labor Cost","3348"
"BYD-SEALION6-TH","SL6-BYD-BDY-310","Indirect Labor Cost","1674"
"BYD-SEALION6-TH","SL6-BYD-BDY-310","Machine Cost","2790"
"BYD-SEALION6-TH","SL6-BYD-BDY-310","Energy Cost","1674"
"BYD-SEALION6-TH","SL6-BYD-BDY-310","Tooling Cost","2232"
"BYD-SEALION6-TH","SL6-BYD-BDY-310","Logistics Cost","2790"
"BYD-SEALION6-TH","SL6-BYD-BDY-310","Import Duty","1116"
"BYD-SEALION6-TH","SL6-BYD-BDY-310","Quality Cost","1674"
"BYD-SEALION6-TH","SL6-BYD-BDY-310","Warranty Reserve","1674"
"BYD-SEALION6-TH","SL6-BYD-BDY-310","R&D Allocation","2790"
"BYD-SEALION6-TH","SL6-BYD-BDY-310","Software Cost","2232"
"BYD-SEALION6-TH","SL6-BYD-BDY-310","Semiconductor Cost","3348"
"BYD-SEALION6-TH","SL6-BYD-BDY-310","Corporate SG&A Allocation","2790"
"BYD-SEALION6-TH","SL6-BYD-BDY-310","Financing Cost","1674"
"BYD-SEALION6-TH","SL6-BYD-BDY-310","Risk Reserve","2232"
"BYD-SEALION6-TH","SL6-BYD-BDY-310","ESG/Carbon Cost","1116"
"BYD-SEALION6-TH","SL6-BYD-BDY-320","Raw Material Cost","16767"
"BYD-SEALION6-TH","SL6-BYD-BDY-320","Purchased Parts Cost","10206"
"BYD-SEALION6-TH","SL6-BYD-BDY-320","Direct Labor Cost","4374"
"BYD-SEALION6-TH","SL6-BYD-BDY-320","Indirect Labor Cost","2187"
"BYD-SEALION6-TH","SL6-BYD-BDY-320","Machine Cost","3645"
"BYD-SEALION6-TH","SL6-BYD-BDY-320","Energy Cost","2187"
"BYD-SEALION6-TH","SL6-BYD-BDY-320","Tooling Cost","2916"
"BYD-SEALION6-TH","SL6-BYD-BDY-320","Logistics Cost","3645"
"BYD-SEALION6-TH","SL6-BYD-BDY-320","Import Duty","1458"
"BYD-SEALION6-TH","SL6-BYD-BDY-320","Quality Cost","2187"
"BYD-SEALION6-TH","SL6-BYD-BDY-320","Warranty Reserve","2187"
"BYD-SEALION6-TH","SL6-BYD-BDY-320","R&D Allocation","3645"
"BYD-SEALION6-TH","SL6-BYD-BDY-320","Software Cost","2916"
"BYD-SEALION6-TH","SL6-BYD-BDY-320","Semiconductor Cost","4374"
"BYD-SEALION6-TH","SL6-BYD-BDY-320","Corporate SG&A Allocation","3645"
"BYD-SEALION6-TH","SL6-BYD-BDY-320","Financing Cost","2187"
"BYD-SEALION6-TH","SL6-BYD-BDY-320","Risk Reserve","2916"
"BYD-SEALION6-TH","SL6-BYD-BDY-320","ESG/Carbon Cost","1458"
"BYD-SEALION6-TH","SL6-BYD-INT-400","Raw Material Cost","17595"
"BYD-SEALION6-TH","SL6-BYD-INT-400","Purchased Parts Cost","10710"
"BYD-SEALION6-TH","SL6-BYD-INT-400","Direct Labor Cost","4590"
"BYD-SEALION6-TH","SL6-BYD-INT-400","Indirect Labor Cost","2295"
"BYD-SEALION6-TH","SL6-BYD-INT-400","Machine Cost","3825"
"BYD-SEALION6-TH","SL6-BYD-INT-400","Energy Cost","2295"
"BYD-SEALION6-TH","SL6-BYD-INT-400","Tooling Cost","3060"
"BYD-SEALION6-TH","SL6-BYD-INT-400","Logistics Cost","3825"
"BYD-SEALION6-TH","SL6-BYD-INT-400","Import Duty","1530"
"BYD-SEALION6-TH","SL6-BYD-INT-400","Quality Cost","2295"
"BYD-SEALION6-TH","SL6-BYD-INT-400","Warranty Reserve","2295"
"BYD-SEALION6-TH","SL6-BYD-INT-400","R&D Allocation","3825"
"BYD-SEALION6-TH","SL6-BYD-INT-400","Software Cost","3060"
"BYD-SEALION6-TH","SL6-BYD-INT-400","Semiconductor Cost","4590"
"BYD-SEALION6-TH","SL6-BYD-INT-400","Corporate SG&A Allocation","3825"
"BYD-SEALION6-TH","SL6-BYD-INT-400","Financing Cost","2295"
"BYD-SEALION6-TH","SL6-BYD-INT-400","Risk Reserve","3060"
"BYD-SEALION6-TH","SL6-BYD-INT-400","ESG/Carbon Cost","1530"
"BYD-SEALION6-TH","SL6-BYD-ELC-500","Raw Material Cost","22770"
"BYD-SEALION6-TH","SL6-BYD-ELC-500","Purchased Parts Cost","13860"
"BYD-SEALION6-TH","SL6-BYD-ELC-500","Direct Labor Cost","5940"
"BYD-SEALION6-TH","SL6-BYD-ELC-500","Indirect Labor Cost","2970"
"BYD-SEALION6-TH","SL6-BYD-ELC-500","Machine Cost","4950"
"BYD-SEALION6-TH","SL6-BYD-ELC-500","Energy Cost","2970"
"BYD-SEALION6-TH","SL6-BYD-ELC-500","Tooling Cost","3960"
"BYD-SEALION6-TH","SL6-BYD-ELC-500","Logistics Cost","4950"
"BYD-SEALION6-TH","SL6-BYD-ELC-500","Import Duty","1980"
"BYD-SEALION6-TH","SL6-BYD-ELC-500","Quality Cost","2970"
"BYD-SEALION6-TH","SL6-BYD-ELC-500","Warranty Reserve","2970"
"BYD-SEALION6-TH","SL6-BYD-ELC-500","R&D Allocation","4950"
"BYD-SEALION6-TH","SL6-BYD-ELC-500","Software Cost","3960"
"BYD-SEALION6-TH","SL6-BYD-ELC-500","Semiconductor Cost","5940"
"BYD-SEALION6-TH","SL6-BYD-ELC-500","Corporate SG&A Allocation","4950"
"BYD-SEALION6-TH","SL6-BYD-ELC-500","Financing Cost","2970"
"BYD-SEALION6-TH","SL6-BYD-ELC-500","Risk Reserve","3960"
"BYD-SEALION6-TH","SL6-BYD-ELC-500","ESG/Carbon Cost","1980"
"BYD-SEALION6-TH","SL6-BYD-ELC-510","Raw Material Cost","15525"
"BYD-SEALION6-TH","SL6-BYD-ELC-510","Purchased Parts Cost","9450"
"BYD-SEALION6-TH","SL6-BYD-ELC-510","Direct Labor Cost","4050"
"BYD-SEALION6-TH","SL6-BYD-ELC-510","Indirect Labor Cost","2025"
"BYD-SEALION6-TH","SL6-BYD-ELC-510","Machine Cost","3375"
"BYD-SEALION6-TH","SL6-BYD-ELC-510","Energy Cost","2025"
"BYD-SEALION6-TH","SL6-BYD-ELC-510","Tooling Cost","2700"
"BYD-SEALION6-TH","SL6-BYD-ELC-510","Logistics Cost","3375"
"BYD-SEALION6-TH","SL6-BYD-ELC-510","Import Duty","1350"
"BYD-SEALION6-TH","SL6-BYD-ELC-510","Quality Cost","2025"
"BYD-SEALION6-TH","SL6-BYD-ELC-510","Warranty Reserve","2025"
"BYD-SEALION6-TH","SL6-BYD-ELC-510","R&D Allocation","3375"
"BYD-SEALION6-TH","SL6-BYD-ELC-510","Software Cost","2700"
"BYD-SEALION6-TH","SL6-BYD-ELC-510","Semiconductor Cost","4050"
"BYD-SEALION6-TH","SL6-BYD-ELC-510","Corporate SG&A Allocation","3375"
"BYD-SEALION6-TH","SL6-BYD-ELC-510","Financing Cost","2025"
"BYD-SEALION6-TH","SL6-BYD-ELC-510","Risk Reserve","2700"
"BYD-SEALION6-TH","SL6-BYD-ELC-510","ESG/Carbon Cost","1350"
"BYD-SEALION6-TH","SL6-BYD-MFG-600","Raw Material Cost","16560"
"BYD-SEALION6-TH","SL6-BYD-MFG-600","Purchased Parts Cost","10080"
"BYD-SEALION6-TH","SL6-BYD-MFG-600","Direct Labor Cost","4320"
"BYD-SEALION6-TH","SL6-BYD-MFG-600","Indirect Labor Cost","2160"
"BYD-SEALION6-TH","SL6-BYD-MFG-600","Machine Cost","3600"
"BYD-SEALION6-TH","SL6-BYD-MFG-600","Energy Cost","2160"
"BYD-SEALION6-TH","SL6-BYD-MFG-600","Tooling Cost","2880"
"BYD-SEALION6-TH","SL6-BYD-MFG-600","Logistics Cost","3600"
"BYD-SEALION6-TH","SL6-BYD-MFG-600","Import Duty","1440"
"BYD-SEALION6-TH","SL6-BYD-MFG-600","Quality Cost","2160"
"BYD-SEALION6-TH","SL6-BYD-MFG-600","Warranty Reserve","2160"
"BYD-SEALION6-TH","SL6-BYD-MFG-600","R&D Allocation","3600"
"BYD-SEALION6-TH","SL6-BYD-MFG-600","Software Cost","2880"
"BYD-SEALION6-TH","SL6-BYD-MFG-600","Semiconductor Cost","4320"
"BYD-SEALION6-TH","SL6-BYD-MFG-600","Corporate SG&A Allocation","3600"
"BYD-SEALION6-TH","SL6-BYD-MFG-600","Financing Cost","2160"
"BYD-SEALION6-TH","SL6-BYD-MFG-600","Risk Reserve","2880"
"BYD-SEALION6-TH","SL6-BYD-MFG-600","ESG/Carbon Cost","1440"
"BYD-SEALION6-TH","SL6-BYD-LOG-700","Raw Material Cost","10350"
"BYD-SEALION6-TH","SL6-BYD-LOG-700","Purchased Parts Cost","6300"
"BYD-SEALION6-TH","SL6-BYD-LOG-700","Direct Labor Cost","2700"
"BYD-SEALION6-TH","SL6-BYD-LOG-700","Indirect Labor Cost","1350"
"BYD-SEALION6-TH","SL6-BYD-LOG-700","Machine Cost","2250"
"BYD-SEALION6-TH","SL6-BYD-LOG-700","Energy Cost","1350"
"BYD-SEALION6-TH","SL6-BYD-LOG-700","Tooling Cost","1800"
"BYD-SEALION6-TH","SL6-BYD-LOG-700","Logistics Cost","2250"
"BYD-SEALION6-TH","SL6-BYD-LOG-700","Import Duty","900"
"BYD-SEALION6-TH","SL6-BYD-LOG-700","Quality Cost","1350"
"BYD-SEALION6-TH","SL6-BYD-LOG-700","Warranty Reserve","1350"
"BYD-SEALION6-TH","SL6-BYD-LOG-700","R&D Allocation","2250"
"BYD-SEALION6-TH","SL6-BYD-LOG-700","Software Cost","1800"
"BYD-SEALION6-TH","SL6-BYD-LOG-700","Semiconductor Cost","2700"
"BYD-SEALION6-TH","SL6-BYD-LOG-700","Corporate SG&A Allocation","2250"
"BYD-SEALION6-TH","SL6-BYD-LOG-700","Financing Cost","1350"
"BYD-SEALION6-TH","SL6-BYD-LOG-700","Risk Reserve","1800"
"BYD-SEALION6-TH","SL6-BYD-LOG-700","ESG/Carbon Cost","900"
"BYD-SEALION6-TH","SL6-BYD-QLT-800","Raw Material Cost","11385"
"BYD-SEALION6-TH","SL6-BYD-QLT-800","Purchased Parts Cost","6930"
"BYD-SEALION6-TH","SL6-BYD-QLT-800","Direct Labor Cost","2970"
"BYD-SEALION6-TH","SL6-BYD-QLT-800","Indirect Labor Cost","1485"
"BYD-SEALION6-TH","SL6-BYD-QLT-800","Machine Cost","2475"
"BYD-SEALION6-TH","SL6-BYD-QLT-800","Energy Cost","1485"
"BYD-SEALION6-TH","SL6-BYD-QLT-800","Tooling Cost","1980"
"BYD-SEALION6-TH","SL6-BYD-QLT-800","Logistics Cost","2475"
"BYD-SEALION6-TH","SL6-BYD-QLT-800","Import Duty","990"
"BYD-SEALION6-TH","SL6-BYD-QLT-800","Quality Cost","1485"
"BYD-SEALION6-TH","SL6-BYD-QLT-800","Warranty Reserve","1485"
"BYD-SEALION6-TH","SL6-BYD-QLT-800","R&D Allocation","2475"
"BYD-SEALION6-TH","SL6-BYD-QLT-800","Software Cost","1980"
"BYD-SEALION6-TH","SL6-BYD-QLT-800","Semiconductor Cost","2970"
"BYD-SEALION6-TH","SL6-BYD-QLT-800","Corporate SG&A Allocation","2475"
"BYD-SEALION6-TH","SL6-BYD-QLT-800","Financing Cost","1485"
"BYD-SEALION6-TH","SL6-BYD-QLT-800","Risk Reserve","1980"
"BYD-SEALION6-TH","SL6-BYD-QLT-800","ESG/Carbon Cost","990"
"BYD-SEALION6-TH","SL6-BYD-RND-900","Raw Material Cost","14490"
"BYD-SEALION6-TH","SL6-BYD-RND-900","Purchased Parts Cost","8820"
"BYD-SEALION6-TH","SL6-BYD-RND-900","Direct Labor Cost","3780"
"BYD-SEALION6-TH","SL6-BYD-RND-900","Indirect Labor Cost","1890"
"BYD-SEALION6-TH","SL6-BYD-RND-900","Machine Cost","3150"
"BYD-SEALION6-TH","SL6-BYD-RND-900","Energy Cost","1890"
"BYD-SEALION6-TH","SL6-BYD-RND-900","Tooling Cost","2520"
"BYD-SEALION6-TH","SL6-BYD-RND-900","Logistics Cost","3150"
"BYD-SEALION6-TH","SL6-BYD-RND-900","Import Duty","1260"
"BYD-SEALION6-TH","SL6-BYD-RND-900","Quality Cost","1890"
"BYD-SEALION6-TH","SL6-BYD-RND-900","Warranty Reserve","1890"
"BYD-SEALION6-TH","SL6-BYD-RND-900","R&D Allocation","3150"
"BYD-SEALION6-TH","SL6-BYD-RND-900","Software Cost","2520"
"BYD-SEALION6-TH","SL6-BYD-RND-900","Semiconductor Cost","3780"
"BYD-SEALION6-TH","SL6-BYD-RND-900","Corporate SG&A Allocation","3150"
"BYD-SEALION6-TH","SL6-BYD-RND-900","Financing Cost","1890"
"BYD-SEALION6-TH","SL6-BYD-RND-900","Risk Reserve","2520"
"BYD-SEALION6-TH","SL6-BYD-RND-900","ESG/Carbon Cost","1260"
"BYD-SEALION6-TH","SL6-BYD-SGA-910","Raw Material Cost","12420"
"BYD-SEALION6-TH","SL6-BYD-SGA-910","Purchased Parts Cost","7560"
"BYD-SEALION6-TH","SL6-BYD-SGA-910","Direct Labor Cost","3240"
"BYD-SEALION6-TH","SL6-BYD-SGA-910","Indirect Labor Cost","1620"
"BYD-SEALION6-TH","SL6-BYD-SGA-910","Machine Cost","2700"
"BYD-SEALION6-TH","SL6-BYD-SGA-910","Energy Cost","1620"
"BYD-SEALION6-TH","SL6-BYD-SGA-910","Tooling Cost","2160"
"BYD-SEALION6-TH","SL6-BYD-SGA-910","Logistics Cost","2700"
"BYD-SEALION6-TH","SL6-BYD-SGA-910","Import Duty","1080"
"BYD-SEALION6-TH","SL6-BYD-SGA-910","Quality Cost","1620"
"BYD-SEALION6-TH","SL6-BYD-SGA-910","Warranty Reserve","1620"
"BYD-SEALION6-TH","SL6-BYD-SGA-910","R&D Allocation","2700"
"BYD-SEALION6-TH","SL6-BYD-SGA-910","Software Cost","2160"
"BYD-SEALION6-TH","SL6-BYD-SGA-910","Semiconductor Cost","3240"
"BYD-SEALION6-TH","SL6-BYD-SGA-910","Corporate SG&A Allocation","2700"
"BYD-SEALION6-TH","SL6-BYD-SGA-910","Financing Cost","1620"
"BYD-SEALION6-TH","SL6-BYD-SGA-910","Risk Reserve","2160"
"BYD-SEALION6-TH","SL6-BYD-SGA-910","ESG/Carbon Cost","1080"
"BYD-SEALION6-TH","SL6-BYD-RSK-920","Raw Material Cost","8280"
"BYD-SEALION6-TH","SL6-BYD-RSK-920","Purchased Parts Cost","5040"
"BYD-SEALION6-TH","SL6-BYD-RSK-920","Direct Labor Cost","2160"
"BYD-SEALION6-TH","SL6-BYD-RSK-920","Indirect Labor Cost","1080"
"BYD-SEALION6-TH","SL6-BYD-RSK-920","Machine Cost","1800"
"BYD-SEALION6-TH","SL6-BYD-RSK-920","Energy Cost","1080"
"BYD-SEALION6-TH","SL6-BYD-RSK-920","Tooling Cost","1440"
"BYD-SEALION6-TH","SL6-BYD-RSK-920","Logistics Cost","1800"
"BYD-SEALION6-TH","SL6-BYD-RSK-920","Import Duty","720"
"BYD-SEALION6-TH","SL6-BYD-RSK-920","Quality Cost","1080"
"BYD-SEALION6-TH","SL6-BYD-RSK-920","Warranty Reserve","1080"
"BYD-SEALION6-TH","SL6-BYD-RSK-920","R&D Allocation","1800"
"BYD-SEALION6-TH","SL6-BYD-RSK-920","Software Cost","1440"
"BYD-SEALION6-TH","SL6-BYD-RSK-920","Semiconductor Cost","2160"
"BYD-SEALION6-TH","SL6-BYD-RSK-920","Corporate SG&A Allocation","1800"
"BYD-SEALION6-TH","SL6-BYD-RSK-920","Financing Cost","1080"
"BYD-SEALION6-TH","SL6-BYD-RSK-920","Risk Reserve","1440"
"BYD-SEALION6-TH","SL6-BYD-RSK-920","ESG/Carbon Cost","720"
"BYD-M6-TH","M6-BYD-BAT-100","Raw Material Cost","63296"
"BYD-M6-TH","M6-BYD-BAT-100","Purchased Parts Cost","38528"
"BYD-M6-TH","M6-BYD-BAT-100","Direct Labor Cost","16512"
"BYD-M6-TH","M6-BYD-BAT-100","Indirect Labor Cost","8256"
"BYD-M6-TH","M6-BYD-BAT-100","Machine Cost","13760"
"BYD-M6-TH","M6-BYD-BAT-100","Energy Cost","8256"
"BYD-M6-TH","M6-BYD-BAT-100","Tooling Cost","11008"
"BYD-M6-TH","M6-BYD-BAT-100","Logistics Cost","13760"
"BYD-M6-TH","M6-BYD-BAT-100","Import Duty","5504"
"BYD-M6-TH","M6-BYD-BAT-100","Quality Cost","8256"
"BYD-M6-TH","M6-BYD-BAT-100","Warranty Reserve","8256"
"BYD-M6-TH","M6-BYD-BAT-100","R&D Allocation","13760"
"BYD-M6-TH","M6-BYD-BAT-100","Software Cost","11008"
"BYD-M6-TH","M6-BYD-BAT-100","Semiconductor Cost","16512"
"BYD-M6-TH","M6-BYD-BAT-100","Corporate SG&A Allocation","13760"
"BYD-M6-TH","M6-BYD-BAT-100","Financing Cost","8256"
"BYD-M6-TH","M6-BYD-BAT-100","Risk Reserve","11008"
"BYD-M6-TH","M6-BYD-BAT-100","ESG/Carbon Cost","5504"
"BYD-M6-TH","M6-BYD-BAT-110","Raw Material Cost","35604"
"BYD-M6-TH","M6-BYD-BAT-110","Purchased Parts Cost","21672"
"BYD-M6-TH","M6-BYD-BAT-110","Direct Labor Cost","9288"
"BYD-M6-TH","M6-BYD-BAT-110","Indirect Labor Cost","4644"
"BYD-M6-TH","M6-BYD-BAT-110","Machine Cost","7740"
"BYD-M6-TH","M6-BYD-BAT-110","Energy Cost","4644"
"BYD-M6-TH","M6-BYD-BAT-110","Tooling Cost","6192"
"BYD-M6-TH","M6-BYD-BAT-110","Logistics Cost","7740"
"BYD-M6-TH","M6-BYD-BAT-110","Import Duty","3096"
"BYD-M6-TH","M6-BYD-BAT-110","Quality Cost","4644"
"BYD-M6-TH","M6-BYD-BAT-110","Warranty Reserve","4644"
"BYD-M6-TH","M6-BYD-BAT-110","R&D Allocation","7740"
"BYD-M6-TH","M6-BYD-BAT-110","Software Cost","6192"
"BYD-M6-TH","M6-BYD-BAT-110","Semiconductor Cost","9288"
"BYD-M6-TH","M6-BYD-BAT-110","Corporate SG&A Allocation","7740"
"BYD-M6-TH","M6-BYD-BAT-110","Financing Cost","4644"
"BYD-M6-TH","M6-BYD-BAT-110","Risk Reserve","6192"
"BYD-M6-TH","M6-BYD-BAT-110","ESG/Carbon Cost","3096"
"BYD-M6-TH","M6-BYD-BAT-120","Raw Material Cost","7516.4"
"BYD-M6-TH","M6-BYD-BAT-120","Purchased Parts Cost","4575.2"
"BYD-M6-TH","M6-BYD-BAT-120","Direct Labor Cost","1960.8"
"BYD-M6-TH","M6-BYD-BAT-120","Indirect Labor Cost","980.4"
"BYD-M6-TH","M6-BYD-BAT-120","Machine Cost","1634"
"BYD-M6-TH","M6-BYD-BAT-120","Energy Cost","980.4"
"BYD-M6-TH","M6-BYD-BAT-120","Tooling Cost","1307.2"
"BYD-M6-TH","M6-BYD-BAT-120","Logistics Cost","1634"
"BYD-M6-TH","M6-BYD-BAT-120","Import Duty","653.6"
"BYD-M6-TH","M6-BYD-BAT-120","Quality Cost","980.4"
"BYD-M6-TH","M6-BYD-BAT-120","Warranty Reserve","980.4"
"BYD-M6-TH","M6-BYD-BAT-120","R&D Allocation","1634"
"BYD-M6-TH","M6-BYD-BAT-120","Software Cost","1307.2"
"BYD-M6-TH","M6-BYD-BAT-120","Semiconductor Cost","1960.8"
"BYD-M6-TH","M6-BYD-BAT-120","Corporate SG&A Allocation","1634"
"BYD-M6-TH","M6-BYD-BAT-120","Financing Cost","980.4"
"BYD-M6-TH","M6-BYD-BAT-120","Risk Reserve","1307.2"
"BYD-M6-TH","M6-BYD-BAT-120","ESG/Carbon Cost","653.6"
"BYD-M6-TH","M6-BYD-DRV-200","Raw Material Cost","28681"
"BYD-M6-TH","M6-BYD-DRV-200","Purchased Parts Cost","17458"
"BYD-M6-TH","M6-BYD-DRV-200","Direct Labor Cost","7482"
"BYD-M6-TH","M6-BYD-DRV-200","Indirect Labor Cost","3741"
"BYD-M6-TH","M6-BYD-DRV-200","Machine Cost","6235"
"BYD-M6-TH","M6-BYD-DRV-200","Energy Cost","3741"
"BYD-M6-TH","M6-BYD-DRV-200","Tooling Cost","4988"
"BYD-M6-TH","M6-BYD-DRV-200","Logistics Cost","6235"
"BYD-M6-TH","M6-BYD-DRV-200","Import Duty","2494"
"BYD-M6-TH","M6-BYD-DRV-200","Quality Cost","3741"
"BYD-M6-TH","M6-BYD-DRV-200","Warranty Reserve","3741"
"BYD-M6-TH","M6-BYD-DRV-200","R&D Allocation","6235"
"BYD-M6-TH","M6-BYD-DRV-200","Software Cost","4988"
"BYD-M6-TH","M6-BYD-DRV-200","Semiconductor Cost","7482"
"BYD-M6-TH","M6-BYD-DRV-200","Corporate SG&A Allocation","6235"
"BYD-M6-TH","M6-BYD-DRV-200","Financing Cost","3741"
"BYD-M6-TH","M6-BYD-DRV-200","Risk Reserve","4988"
"BYD-M6-TH","M6-BYD-DRV-200","ESG/Carbon Cost","2494"
"BYD-M6-TH","M6-BYD-DRV-210","Raw Material Cost","17802"
"BYD-M6-TH","M6-BYD-DRV-210","Purchased Parts Cost","10836"
"BYD-M6-TH","M6-BYD-DRV-210","Direct Labor Cost","4644"
"BYD-M6-TH","M6-BYD-DRV-210","Indirect Labor Cost","2322"
"BYD-M6-TH","M6-BYD-DRV-210","Machine Cost","3870"
"BYD-M6-TH","M6-BYD-DRV-210","Energy Cost","2322"
"BYD-M6-TH","M6-BYD-DRV-210","Tooling Cost","3096"
"BYD-M6-TH","M6-BYD-DRV-210","Logistics Cost","3870"
"BYD-M6-TH","M6-BYD-DRV-210","Import Duty","1548"
"BYD-M6-TH","M6-BYD-DRV-210","Quality Cost","2322"
"BYD-M6-TH","M6-BYD-DRV-210","Warranty Reserve","2322"
"BYD-M6-TH","M6-BYD-DRV-210","R&D Allocation","3870"
"BYD-M6-TH","M6-BYD-DRV-210","Software Cost","3096"
"BYD-M6-TH","M6-BYD-DRV-210","Semiconductor Cost","4644"
"BYD-M6-TH","M6-BYD-DRV-210","Corporate SG&A Allocation","3870"
"BYD-M6-TH","M6-BYD-DRV-210","Financing Cost","2322"
"BYD-M6-TH","M6-BYD-DRV-210","Risk Reserve","3096"
"BYD-M6-TH","M6-BYD-DRV-210","ESG/Carbon Cost","1548"
"BYD-M6-TH","M6-BYD-DRV-220","Raw Material Cost","12857"
"BYD-M6-TH","M6-BYD-DRV-220","Purchased Parts Cost","7826"
"BYD-M6-TH","M6-BYD-DRV-220","Direct Labor Cost","3354"
"BYD-M6-TH","M6-BYD-DRV-220","Indirect Labor Cost","1677"
"BYD-M6-TH","M6-BYD-DRV-220","Machine Cost","2795"
"BYD-M6-TH","M6-BYD-DRV-220","Energy Cost","1677"
"BYD-M6-TH","M6-BYD-DRV-220","Tooling Cost","2236"
"BYD-M6-TH","M6-BYD-DRV-220","Logistics Cost","2795"
"BYD-M6-TH","M6-BYD-DRV-220","Import Duty","1118"
"BYD-M6-TH","M6-BYD-DRV-220","Quality Cost","1677"
"BYD-M6-TH","M6-BYD-DRV-220","Warranty Reserve","1677"
"BYD-M6-TH","M6-BYD-DRV-220","R&D Allocation","2795"
"BYD-M6-TH","M6-BYD-DRV-220","Software Cost","2236"
"BYD-M6-TH","M6-BYD-DRV-220","Semiconductor Cost","3354"
"BYD-M6-TH","M6-BYD-DRV-220","Corporate SG&A Allocation","2795"
"BYD-M6-TH","M6-BYD-DRV-220","Financing Cost","1677"
"BYD-M6-TH","M6-BYD-DRV-220","Risk Reserve","2236"
"BYD-M6-TH","M6-BYD-DRV-220","ESG/Carbon Cost","1118"
"BYD-M6-TH","M6-BYD-BDY-300","Raw Material Cost","25714"
"BYD-M6-TH","M6-BYD-BDY-300","Purchased Parts Cost","15652"
"BYD-M6-TH","M6-BYD-BDY-300","Direct Labor Cost","6708"
"BYD-M6-TH","M6-BYD-BDY-300","Indirect Labor Cost","3354"
"BYD-M6-TH","M6-BYD-BDY-300","Machine Cost","5590"
"BYD-M6-TH","M6-BYD-BDY-300","Energy Cost","3354"
"BYD-M6-TH","M6-BYD-BDY-300","Tooling Cost","4472"
"BYD-M6-TH","M6-BYD-BDY-300","Logistics Cost","5590"
"BYD-M6-TH","M6-BYD-BDY-300","Import Duty","2236"
"BYD-M6-TH","M6-BYD-BDY-300","Quality Cost","3354"
"BYD-M6-TH","M6-BYD-BDY-300","Warranty Reserve","3354"
"BYD-M6-TH","M6-BYD-BDY-300","R&D Allocation","5590"
"BYD-M6-TH","M6-BYD-BDY-300","Software Cost","4472"
"BYD-M6-TH","M6-BYD-BDY-300","Semiconductor Cost","6708"
"BYD-M6-TH","M6-BYD-BDY-300","Corporate SG&A Allocation","5590"
"BYD-M6-TH","M6-BYD-BDY-300","Financing Cost","3354"
"BYD-M6-TH","M6-BYD-BDY-300","Risk Reserve","4472"
"BYD-M6-TH","M6-BYD-BDY-300","ESG/Carbon Cost","2236"
"BYD-M6-TH","M6-BYD-BDY-310","Raw Material Cost","12263.6"
"BYD-M6-TH","M6-BYD-BDY-310","Purchased Parts Cost","7464.8"
"BYD-M6-TH","M6-BYD-BDY-310","Direct Labor Cost","3199.2"
"BYD-M6-TH","M6-BYD-BDY-310","Indirect Labor Cost","1599.6"
"BYD-M6-TH","M6-BYD-BDY-310","Machine Cost","2666"
"BYD-M6-TH","M6-BYD-BDY-310","Energy Cost","1599.6"
"BYD-M6-TH","M6-BYD-BDY-310","Tooling Cost","2132.8"
"BYD-M6-TH","M6-BYD-BDY-310","Logistics Cost","2666"
"BYD-M6-TH","M6-BYD-BDY-310","Import Duty","1066.4"
"BYD-M6-TH","M6-BYD-BDY-310","Quality Cost","1599.6"
"BYD-M6-TH","M6-BYD-BDY-310","Warranty Reserve","1599.6"
"BYD-M6-TH","M6-BYD-BDY-310","R&D Allocation","2666"
"BYD-M6-TH","M6-BYD-BDY-310","Software Cost","2132.8"
"BYD-M6-TH","M6-BYD-BDY-310","Semiconductor Cost","3199.2"
"BYD-M6-TH","M6-BYD-BDY-310","Corporate SG&A Allocation","2666"
"BYD-M6-TH","M6-BYD-BDY-310","Financing Cost","1599.6"
"BYD-M6-TH","M6-BYD-BDY-310","Risk Reserve","2132.8"
"BYD-M6-TH","M6-BYD-BDY-310","ESG/Carbon Cost","1066.4"
"BYD-M6-TH","M6-BYD-BDY-320","Raw Material Cost","16021.8"
"BYD-M6-TH","M6-BYD-BDY-320","Purchased Parts Cost","9752.4"
"BYD-M6-TH","M6-BYD-BDY-320","Direct Labor Cost","4179.6"
"BYD-M6-TH","M6-BYD-BDY-320","Indirect Labor Cost","2089.8"
"BYD-M6-TH","M6-BYD-BDY-320","Machine Cost","3483"
"BYD-M6-TH","M6-BYD-BDY-320","Energy Cost","2089.8"
"BYD-M6-TH","M6-BYD-BDY-320","Tooling Cost","2786.4"
"BYD-M6-TH","M6-BYD-BDY-320","Logistics Cost","3483"
"BYD-M6-TH","M6-BYD-BDY-320","Import Duty","1393.2"
"BYD-M6-TH","M6-BYD-BDY-320","Quality Cost","2089.8"
"BYD-M6-TH","M6-BYD-BDY-320","Warranty Reserve","2089.8"
"BYD-M6-TH","M6-BYD-BDY-320","R&D Allocation","3483"
"BYD-M6-TH","M6-BYD-BDY-320","Software Cost","2786.4"
"BYD-M6-TH","M6-BYD-BDY-320","Semiconductor Cost","4179.6"
"BYD-M6-TH","M6-BYD-BDY-320","Corporate SG&A Allocation","3483"
"BYD-M6-TH","M6-BYD-BDY-320","Financing Cost","2089.8"
"BYD-M6-TH","M6-BYD-BDY-320","Risk Reserve","2786.4"
"BYD-M6-TH","M6-BYD-BDY-320","ESG/Carbon Cost","1393.2"
"BYD-M6-TH","M6-BYD-INT-400","Raw Material Cost","16813"
"BYD-M6-TH","M6-BYD-INT-400","Purchased Parts Cost","10234"
"BYD-M6-TH","M6-BYD-INT-400","Direct Labor Cost","4386"
"BYD-M6-TH","M6-BYD-INT-400","Indirect Labor Cost","2193"
"BYD-M6-TH","M6-BYD-INT-400","Machine Cost","3655"
"BYD-M6-TH","M6-BYD-INT-400","Energy Cost","2193"
"BYD-M6-TH","M6-BYD-INT-400","Tooling Cost","2924"
"BYD-M6-TH","M6-BYD-INT-400","Logistics Cost","3655"
"BYD-M6-TH","M6-BYD-INT-400","Import Duty","1462"
"BYD-M6-TH","M6-BYD-INT-400","Quality Cost","2193"
"BYD-M6-TH","M6-BYD-INT-400","Warranty Reserve","2193"
"BYD-M6-TH","M6-BYD-INT-400","R&D Allocation","3655"
"BYD-M6-TH","M6-BYD-INT-400","Software Cost","2924"
"BYD-M6-TH","M6-BYD-INT-400","Semiconductor Cost","4386"
"BYD-M6-TH","M6-BYD-INT-400","Corporate SG&A Allocation","3655"
"BYD-M6-TH","M6-BYD-INT-400","Financing Cost","2193"
"BYD-M6-TH","M6-BYD-INT-400","Risk Reserve","2924"
"BYD-M6-TH","M6-BYD-INT-400","ESG/Carbon Cost","1462"
"BYD-M6-TH","M6-BYD-ELC-500","Raw Material Cost","21758"
"BYD-M6-TH","M6-BYD-ELC-500","Purchased Parts Cost","13244"
"BYD-M6-TH","M6-BYD-ELC-500","Direct Labor Cost","5676"
"BYD-M6-TH","M6-BYD-ELC-500","Indirect Labor Cost","2838"
"BYD-M6-TH","M6-BYD-ELC-500","Machine Cost","4730"
"BYD-M6-TH","M6-BYD-ELC-500","Energy Cost","2838"
"BYD-M6-TH","M6-BYD-ELC-500","Tooling Cost","3784"
"BYD-M6-TH","M6-BYD-ELC-500","Logistics Cost","4730"
"BYD-M6-TH","M6-BYD-ELC-500","Import Duty","1892"
"BYD-M6-TH","M6-BYD-ELC-500","Quality Cost","2838"
"BYD-M6-TH","M6-BYD-ELC-500","Warranty Reserve","2838"
"BYD-M6-TH","M6-BYD-ELC-500","R&D Allocation","4730"
"BYD-M6-TH","M6-BYD-ELC-500","Software Cost","3784"
"BYD-M6-TH","M6-BYD-ELC-500","Semiconductor Cost","5676"
"BYD-M6-TH","M6-BYD-ELC-500","Corporate SG&A Allocation","4730"
"BYD-M6-TH","M6-BYD-ELC-500","Financing Cost","2838"
"BYD-M6-TH","M6-BYD-ELC-500","Risk Reserve","3784"
"BYD-M6-TH","M6-BYD-ELC-500","ESG/Carbon Cost","1892"
"BYD-M6-TH","M6-BYD-ELC-510","Raw Material Cost","14835"
"BYD-M6-TH","M6-BYD-ELC-510","Purchased Parts Cost","9030"
"BYD-M6-TH","M6-BYD-ELC-510","Direct Labor Cost","3870"
"BYD-M6-TH","M6-BYD-ELC-510","Indirect Labor Cost","1935"
"BYD-M6-TH","M6-BYD-ELC-510","Machine Cost","3225"
"BYD-M6-TH","M6-BYD-ELC-510","Energy Cost","1935"
"BYD-M6-TH","M6-BYD-ELC-510","Tooling Cost","2580"
"BYD-M6-TH","M6-BYD-ELC-510","Logistics Cost","3225"
"BYD-M6-TH","M6-BYD-ELC-510","Import Duty","1290"
"BYD-M6-TH","M6-BYD-ELC-510","Quality Cost","1935"
"BYD-M6-TH","M6-BYD-ELC-510","Warranty Reserve","1935"
"BYD-M6-TH","M6-BYD-ELC-510","R&D Allocation","3225"
"BYD-M6-TH","M6-BYD-ELC-510","Software Cost","2580"
"BYD-M6-TH","M6-BYD-ELC-510","Semiconductor Cost","3870"
"BYD-M6-TH","M6-BYD-ELC-510","Corporate SG&A Allocation","3225"
"BYD-M6-TH","M6-BYD-ELC-510","Financing Cost","1935"
"BYD-M6-TH","M6-BYD-ELC-510","Risk Reserve","2580"
"BYD-M6-TH","M6-BYD-ELC-510","ESG/Carbon Cost","1290"
"BYD-M6-TH","M6-BYD-MFG-600","Raw Material Cost","15824"
"BYD-M6-TH","M6-BYD-MFG-600","Purchased Parts Cost","9632"
"BYD-M6-TH","M6-BYD-MFG-600","Direct Labor Cost","4128"
"BYD-M6-TH","M6-BYD-MFG-600","Indirect Labor Cost","2064"
"BYD-M6-TH","M6-BYD-MFG-600","Machine Cost","3440"
"BYD-M6-TH","M6-BYD-MFG-600","Energy Cost","2064"
"BYD-M6-TH","M6-BYD-MFG-600","Tooling Cost","2752"
"BYD-M6-TH","M6-BYD-MFG-600","Logistics Cost","3440"
"BYD-M6-TH","M6-BYD-MFG-600","Import Duty","1376"
"BYD-M6-TH","M6-BYD-MFG-600","Quality Cost","2064"
"BYD-M6-TH","M6-BYD-MFG-600","Warranty Reserve","2064"
"BYD-M6-TH","M6-BYD-MFG-600","R&D Allocation","3440"
"BYD-M6-TH","M6-BYD-MFG-600","Software Cost","2752"
"BYD-M6-TH","M6-BYD-MFG-600","Semiconductor Cost","4128"
"BYD-M6-TH","M6-BYD-MFG-600","Corporate SG&A Allocation","3440"
"BYD-M6-TH","M6-BYD-MFG-600","Financing Cost","2064"
"BYD-M6-TH","M6-BYD-MFG-600","Risk Reserve","2752"
"BYD-M6-TH","M6-BYD-MFG-600","ESG/Carbon Cost","1376"
"BYD-M6-TH","M6-BYD-LOG-700","Raw Material Cost","9890"
"BYD-M6-TH","M6-BYD-LOG-700","Purchased Parts Cost","6020"
"BYD-M6-TH","M6-BYD-LOG-700","Direct Labor Cost","2580"
"BYD-M6-TH","M6-BYD-LOG-700","Indirect Labor Cost","1290"
"BYD-M6-TH","M6-BYD-LOG-700","Machine Cost","2150"
"BYD-M6-TH","M6-BYD-LOG-700","Energy Cost","1290"
"BYD-M6-TH","M6-BYD-LOG-700","Tooling Cost","1720"
"BYD-M6-TH","M6-BYD-LOG-700","Logistics Cost","2150"
"BYD-M6-TH","M6-BYD-LOG-700","Import Duty","860"
"BYD-M6-TH","M6-BYD-LOG-700","Quality Cost","1290"
"BYD-M6-TH","M6-BYD-LOG-700","Warranty Reserve","1290"
"BYD-M6-TH","M6-BYD-LOG-700","R&D Allocation","2150"
"BYD-M6-TH","M6-BYD-LOG-700","Software Cost","1720"
"BYD-M6-TH","M6-BYD-LOG-700","Semiconductor Cost","2580"
"BYD-M6-TH","M6-BYD-LOG-700","Corporate SG&A Allocation","2150"
"BYD-M6-TH","M6-BYD-LOG-700","Financing Cost","1290"
"BYD-M6-TH","M6-BYD-LOG-700","Risk Reserve","1720"
"BYD-M6-TH","M6-BYD-LOG-700","ESG/Carbon Cost","860"
"BYD-M6-TH","M6-BYD-QLT-800","Raw Material Cost","10879"
"BYD-M6-TH","M6-BYD-QLT-800","Purchased Parts Cost","6622"
"BYD-M6-TH","M6-BYD-QLT-800","Direct Labor Cost","2838"
"BYD-M6-TH","M6-BYD-QLT-800","Indirect Labor Cost","1419"
"BYD-M6-TH","M6-BYD-QLT-800","Machine Cost","2365"
"BYD-M6-TH","M6-BYD-QLT-800","Energy Cost","1419"
"BYD-M6-TH","M6-BYD-QLT-800","Tooling Cost","1892"
"BYD-M6-TH","M6-BYD-QLT-800","Logistics Cost","2365"
"BYD-M6-TH","M6-BYD-QLT-800","Import Duty","946"
"BYD-M6-TH","M6-BYD-QLT-800","Quality Cost","1419"
"BYD-M6-TH","M6-BYD-QLT-800","Warranty Reserve","1419"
"BYD-M6-TH","M6-BYD-QLT-800","R&D Allocation","2365"
"BYD-M6-TH","M6-BYD-QLT-800","Software Cost","1892"
"BYD-M6-TH","M6-BYD-QLT-800","Semiconductor Cost","2838"
"BYD-M6-TH","M6-BYD-QLT-800","Corporate SG&A Allocation","2365"
"BYD-M6-TH","M6-BYD-QLT-800","Financing Cost","1419"
"BYD-M6-TH","M6-BYD-QLT-800","Risk Reserve","1892"
"BYD-M6-TH","M6-BYD-QLT-800","ESG/Carbon Cost","946"
"BYD-M6-TH","M6-BYD-RND-900","Raw Material Cost","13846"
"BYD-M6-TH","M6-BYD-RND-900","Purchased Parts Cost","8428"
"BYD-M6-TH","M6-BYD-RND-900","Direct Labor Cost","3612"
"BYD-M6-TH","M6-BYD-RND-900","Indirect Labor Cost","1806"
"BYD-M6-TH","M6-BYD-RND-900","Machine Cost","3010"
"BYD-M6-TH","M6-BYD-RND-900","Energy Cost","1806"
"BYD-M6-TH","M6-BYD-RND-900","Tooling Cost","2408"
"BYD-M6-TH","M6-BYD-RND-900","Logistics Cost","3010"
"BYD-M6-TH","M6-BYD-RND-900","Import Duty","1204"
"BYD-M6-TH","M6-BYD-RND-900","Quality Cost","1806"
"BYD-M6-TH","M6-BYD-RND-900","Warranty Reserve","1806"
"BYD-M6-TH","M6-BYD-RND-900","R&D Allocation","3010"
"BYD-M6-TH","M6-BYD-RND-900","Software Cost","2408"
"BYD-M6-TH","M6-BYD-RND-900","Semiconductor Cost","3612"
"BYD-M6-TH","M6-BYD-RND-900","Corporate SG&A Allocation","3010"
"BYD-M6-TH","M6-BYD-RND-900","Financing Cost","1806"
"BYD-M6-TH","M6-BYD-RND-900","Risk Reserve","2408"
"BYD-M6-TH","M6-BYD-RND-900","ESG/Carbon Cost","1204"
"BYD-M6-TH","M6-BYD-SGA-910","Raw Material Cost","11868"
"BYD-M6-TH","M6-BYD-SGA-910","Purchased Parts Cost","7224"
"BYD-M6-TH","M6-BYD-SGA-910","Direct Labor Cost","3096"
"BYD-M6-TH","M6-BYD-SGA-910","Indirect Labor Cost","1548"
"BYD-M6-TH","M6-BYD-SGA-910","Machine Cost","2580"
"BYD-M6-TH","M6-BYD-SGA-910","Energy Cost","1548"
"BYD-M6-TH","M6-BYD-SGA-910","Tooling Cost","2064"
"BYD-M6-TH","M6-BYD-SGA-910","Logistics Cost","2580"
"BYD-M6-TH","M6-BYD-SGA-910","Import Duty","1032"
"BYD-M6-TH","M6-BYD-SGA-910","Quality Cost","1548"
"BYD-M6-TH","M6-BYD-SGA-910","Warranty Reserve","1548"
"BYD-M6-TH","M6-BYD-SGA-910","R&D Allocation","2580"
"BYD-M6-TH","M6-BYD-SGA-910","Software Cost","2064"
"BYD-M6-TH","M6-BYD-SGA-910","Semiconductor Cost","3096"
"BYD-M6-TH","M6-BYD-SGA-910","Corporate SG&A Allocation","2580"
"BYD-M6-TH","M6-BYD-SGA-910","Financing Cost","1548"
"BYD-M6-TH","M6-BYD-SGA-910","Risk Reserve","2064"
"BYD-M6-TH","M6-BYD-SGA-910","ESG/Carbon Cost","1032"
"BYD-M6-TH","M6-BYD-RSK-920","Raw Material Cost","7912"
"BYD-M6-TH","M6-BYD-RSK-920","Purchased Parts Cost","4816"
"BYD-M6-TH","M6-BYD-RSK-920","Direct Labor Cost","2064"
"BYD-M6-TH","M6-BYD-RSK-920","Indirect Labor Cost","1032"
"BYD-M6-TH","M6-BYD-RSK-920","Machine Cost","1720"
"BYD-M6-TH","M6-BYD-RSK-920","Energy Cost","1032"
"BYD-M6-TH","M6-BYD-RSK-920","Tooling Cost","1376"
"BYD-M6-TH","M6-BYD-RSK-920","Logistics Cost","1720"
"BYD-M6-TH","M6-BYD-RSK-920","Import Duty","688"
"BYD-M6-TH","M6-BYD-RSK-920","Quality Cost","1032"
"BYD-M6-TH","M6-BYD-RSK-920","Warranty Reserve","1032"
"BYD-M6-TH","M6-BYD-RSK-920","R&D Allocation","1720"
"BYD-M6-TH","M6-BYD-RSK-920","Software Cost","1376"
"BYD-M6-TH","M6-BYD-RSK-920","Semiconductor Cost","2064"
"BYD-M6-TH","M6-BYD-RSK-920","Corporate SG&A Allocation","1720"
"BYD-M6-TH","M6-BYD-RSK-920","Financing Cost","1032"
"BYD-M6-TH","M6-BYD-RSK-920","Risk Reserve","1376"
"BYD-M6-TH","M6-BYD-RSK-920","ESG/Carbon Cost","688"
